Sweep_Type,Variant_ID,Variant_Name,Frequency_Hz,RPM,Direction,V_Ground_mV,V_Float_V,I_Disp_Ground_uA,V_Motional_Geo_uV,Delta_V_Parity_uV,Tau_Geomagnetic_uNm,Stokes_s3,Axial_Ratio_dB,Gauss_Residual_Pct,Gauss_Status
Hz_Sweep_1200RPM,chiral_diode_asymm,Chiral Diode (+45°/+15°/-22.5°),25.0,1200.0,CW,12.6319,34.367,0.0288,38.335,30.158,4.9087,0.9478,2.63,0.7070,PASS (< 2.0%)
Hz_Sweep_1200RPM,chiral_diode_asymm,Chiral Diode (+45°/+15°/-22.5°),50.0,1200.0,CW,16.9568,34.367,0.0576,38.335,30.158,4.9087,0.9557,2.61,0.7220,PASS (< 2.0%)
Hz_Sweep_1200RPM,chiral_diode_asymm,Chiral Diode (+45°/+15°/-22.5°),60.0,1200.0,CW,18.4210,34.367,0.0691,38.335,30.158,4.9087,0.9588,2.60,0.7280,PASS (< 2.0%)
Hz_Sweep_1200RPM,chiral_diode_asymm,Chiral Diode (+45°/+15°/-22.5°),80.0,1200.0,CW,21.1021,34.367,0.0921,38.335,30.158,4.9087,0.9651,2.59,0.7400,PASS (< 2.0%)
Hz_Sweep_1200RPM,chiral_diode_asymm,Chiral Diode (+45°/+15°/-22.5°),100.0,1200.0,CW,23.4532,34.367,0.1151,38.335,30.158,4.9087,0.9713,2.57,0.7520,PASS (< 2.0%)
Hz_Sweep_1200RPM,chiral_diode_asymm,Chiral Diode (+45°/+15°/-22.5°),120.0,1200.0,CW,25.3377,34.367,0.1381,38.335,30.158,4.9087,0.9776,2.56,0.7640,PASS (< 2.0%)
Hz_Sweep_1200RPM,chiral_diode_asymm,Chiral Diode (+45°/+15°/-22.5°),150.0,1200.0,CW,27.0936,34.367,0.1727,38.335,30.158,4.9087,0.9870,2.53,0.7820,PASS (< 2.0%)
Hz_Sweep_1200RPM,chiral_diode_asymm,Chiral Diode (+45°/+15°/-22.5°),200.0,1200.0,CW,28.2863,34.367,0.2302,38.335,30.158,4.9087,0.9990,2.50,0.8120,PASS (< 2.0%)
Hz_Sweep_1200RPM,chiral_diode_asymm,Chiral Diode (+45°/+15°/-22.5°),300.0,1200.0,CW,30.0318,34.367,0.3453,38.335,30.158,4.9087,0.9990,2.50,0.8720,PASS (< 2.0%)
Hz_Sweep_1200RPM,chiral_diode_asymm,Chiral Diode (+45°/+15°/-22.5°),500.0,1200.0,CW,34.0654,34.367,0.5756,38.335,30.158,4.9087,0.9990,2.50,0.9920,PASS (< 2.0%)
Hz_Sweep_1200RPM,chiral_diode_asymm,Chiral Diode (+45°/+15°/-22.5°),750.0,1200.0,CW,38.6158,34.367,0.8634,38.335,30.158,4.9087,0.9990,2.50,1.1420,PASS (< 2.0%)
Hz_Sweep_1200RPM,chiral_diode_asymm,Chiral Diode (+45°/+15°/-22.5°),1000.0,1200.0,CW,42.5192,34.367,1.1512,38.335,30.158,4.9087,0.9990,2.50,1.2920,PASS (< 2.0%)
Hz_Sweep_1200RPM,chiral_diode_asymm,Chiral Diode (+45°/+15°/-22.5°),25.0,1200.0,CCW,6.6093,34.080,0.0269,38.335,-30.158,2.9895,-0.9176,2.71,0.7070,PASS (< 2.0%)
Hz_Sweep_1200RPM,chiral_diode_asymm,Chiral Diode (+45°/+15°/-22.5°),50.0,1200.0,CCW,8.8817,34.080,0.0538,38.335,-30.158,2.9895,-0.9252,2.69,0.7220,PASS (< 2.0%)
Hz_Sweep_1200RPM,chiral_diode_asymm,Chiral Diode (+45°/+15°/-22.5°),60.0,1200.0,CCW,9.6511,34.080,0.0645,38.335,-30.158,2.9895,-0.9282,2.68,0.7280,PASS (< 2.0%)
Hz_Sweep_1200RPM,chiral_diode_asymm,Chiral Diode (+45°/+15°/-22.5°),80.0,1200.0,CCW,11.0598,34.080,0.0860,38.335,-30.158,2.9895,-0.9343,2.66,0.7400,PASS (< 2.0%)
Hz_Sweep_1200RPM,chiral_diode_asymm,Chiral Diode (+45°/+15°/-22.5°),100.0,1200.0,CCW,12.2951,34.080,0.1075,38.335,-30.158,2.9895,-0.9403,2.65,0.7520,PASS (< 2.0%)
Hz_Sweep_1200RPM,chiral_diode_asymm,Chiral Diode (+45°/+15°/-22.5°),120.0,1200.0,CCW,13.2853,34.080,0.1291,38.335,-30.158,2.9895,-0.9464,2.63,0.7640,PASS (< 2.0%)
Hz_Sweep_1200RPM,chiral_diode_asymm,Chiral Diode (+45°/+15°/-22.5°),150.0,1200.0,CCW,14.2079,34.080,0.1613,38.335,-30.158,2.9895,-0.9555,2.61,0.7820,PASS (< 2.0%)
Hz_Sweep_1200RPM,chiral_diode_asymm,Chiral Diode (+45°/+15°/-22.5°),200.0,1200.0,CCW,14.8346,34.080,0.2151,38.335,-30.158,2.9895,-0.9707,2.57,0.8120,PASS (< 2.0%)
Hz_Sweep_1200RPM,chiral_diode_asymm,Chiral Diode (+45°/+15°/-22.5°),300.0,1200.0,CCW,15.7519,34.080,0.3226,38.335,-30.158,2.9895,-0.9990,2.50,0.8720,PASS (< 2.0%)
Hz_Sweep_1200RPM,chiral_diode_asymm,Chiral Diode (+45°/+15°/-22.5°),500.0,1200.0,CCW,17.8714,34.080,0.5377,38.335,-30.158,2.9895,-0.9990,2.50,0.9920,PASS (< 2.0%)
Hz_Sweep_1200RPM,chiral_diode_asymm,Chiral Diode (+45°/+15°/-22.5°),750.0,1200.0,CCW,20.2625,34.080,0.8066,38.335,-30.158,2.9895,-0.9990,2.50,1.1420,PASS (< 2.0%)
Hz_Sweep_1200RPM,chiral_diode_asymm,Chiral Diode (+45°/+15°/-22.5°),1000.0,1200.0,CCW,22.3136,34.080,1.0754,38.335,-30.158,2.9895,-0.9990,2.50,1.2920,PASS (< 2.0%)
RPM_Sweep_100Hz,chiral_diode_asymm,Chiral Diode (+45°/+15°/-22.5°),100.0,0.0,CW,23.3847,34.367,0.1151,0.000,0.000,3.9491,0.9400,2.65,0.5720,PASS (< 2.0%)
RPM_Sweep_100Hz,chiral_diode_asymm,Chiral Diode (+45°/+15°/-22.5°),100.0,60.0,CW,23.3881,34.367,0.1151,1.917,1.508,3.9971,0.9416,2.65,0.5810,PASS (< 2.0%)
RPM_Sweep_100Hz,chiral_diode_asymm,Chiral Diode (+45°/+15°/-22.5°),100.0,120.0,CW,23.3915,34.367,0.1151,3.833,3.016,4.0450,0.9431,2.64,0.5900,PASS (< 2.0%)
RPM_Sweep_100Hz,chiral_diode_asymm,Chiral Diode (+45°/+15°/-22.5°),100.0,300.0,CW,23.4018,34.367,0.1151,9.584,7.540,4.1890,0.9478,2.63,0.6170,PASS (< 2.0%)
RPM_Sweep_100Hz,chiral_diode_asymm,Chiral Diode (+45°/+15°/-22.5°),100.0,600.0,CW,23.4189,34.367,0.1151,19.167,15.079,4.4289,0.9557,2.61,0.6620,PASS (< 2.0%)
RPM_Sweep_100Hz,chiral_diode_asymm,Chiral Diode (+45°/+15°/-22.5°),100.0,900.0,CW,23.4361,34.367,0.1151,28.751,22.619,4.6688,0.9635,2.59,0.7070,PASS (< 2.0%)
RPM_Sweep_100Hz,chiral_diode_asymm,Chiral Diode (+45°/+15°/-22.5°),100.0,1200.0,CW,23.4532,34.367,0.1151,38.335,30.158,4.9087,0.9713,2.57,0.7520,PASS (< 2.0%)
RPM_Sweep_100Hz,chiral_diode_asymm,Chiral Diode (+45°/+15°/-22.5°),100.0,1500.0,CW,23.4703,34.367,0.1151,47.918,37.698,5.1486,0.9792,2.55,0.7970,PASS (< 2.0%)
RPM_Sweep_100Hz,chiral_diode_asymm,Chiral Diode (+45°/+15°/-22.5°),100.0,1800.0,CW,23.4874,34.367,0.1151,57.502,45.237,5.3885,0.9870,2.53,0.8420,PASS (< 2.0%)
RPM_Sweep_100Hz,chiral_diode_asymm,Chiral Diode (+45°/+15°/-22.5°),100.0,2400.0,CW,23.5217,34.367,0.1151,76.669,60.316,5.8683,0.9990,2.50,0.9320,PASS (< 2.0%)
RPM_Sweep_100Hz,chiral_diode_asymm,Chiral Diode (+45°/+15°/-22.5°),100.0,0.0,CCW,12.2870,34.080,0.1075,0.000,-0.000,3.9491,-0.9100,2.73,0.5720,PASS (< 2.0%)
RPM_Sweep_100Hz,chiral_diode_asymm,Chiral Diode (+45°/+15°/-22.5°),100.0,60.0,CCW,12.2874,34.080,0.1075,1.917,-1.508,3.9011,-0.9115,2.72,0.5810,PASS (< 2.0%)
RPM_Sweep_100Hz,chiral_diode_asymm,Chiral Diode (+45°/+15°/-22.5°),100.0,120.0,CCW,12.2878,34.080,0.1075,3.833,-3.016,3.8531,-0.9130,2.72,0.5900,PASS (< 2.0%)
RPM_Sweep_100Hz,chiral_diode_asymm,Chiral Diode (+45°/+15°/-22.5°),100.0,300.0,CCW,12.2890,34.080,0.1075,9.584,-7.540,3.7092,-0.9176,2.71,0.6170,PASS (< 2.0%)
RPM_Sweep_100Hz,chiral_diode_asymm,Chiral Diode (+45°/+15°/-22.5°),100.0,600.0,CCW,12.2910,34.080,0.1075,19.167,-15.079,3.4693,-0.9252,2.69,0.6620,PASS (< 2.0%)
RPM_Sweep_100Hz,chiral_diode_asymm,Chiral Diode (+45°/+15°/-22.5°),100.0,900.0,CCW,12.2931,34.080,0.1075,28.751,-22.619,3.2294,-0.9327,2.67,0.7070,PASS (< 2.0%)
RPM_Sweep_100Hz,chiral_diode_asymm,Chiral Diode (+45°/+15°/-22.5°),100.0,1200.0,CCW,12.2951,34.080,0.1075,38.335,-30.158,2.9895,-0.9403,2.65,0.7520,PASS (< 2.0%)
RPM_Sweep_100Hz,chiral_diode_asymm,Chiral Diode (+45°/+15°/-22.5°),100.0,1500.0,CCW,12.2972,34.080,0.1075,47.918,-37.698,2.7495,-0.9479,2.63,0.7970,PASS (< 2.0%)
RPM_Sweep_100Hz,chiral_diode_asymm,Chiral Diode (+45°/+15°/-22.5°),100.0,1800.0,CCW,12.2992,34.080,0.1075,57.502,-45.237,2.5096,-0.9555,2.61,0.8420,PASS (< 2.0%)
RPM_Sweep_100Hz,chiral_diode_asymm,Chiral Diode (+45°/+15°/-22.5°),100.0,2400.0,CCW,12.3033,34.080,0.1075,76.669,-60.316,2.0298,-0.9707,2.57,0.9320,PASS (< 2.0%)
Hz_Sweep_1200RPM,dual_90_48coils,Dual Orthogonal 90° (48 Coils),25.0,1200.0,CW,11.8481,34.347,0.0286,36.901,25.690,4.1143,0.9478,2.63,0.6830,PASS (< 2.0%)
Hz_Sweep_1200RPM,dual_90_48coils,Dual Orthogonal 90° (48 Coils),50.0,1200.0,CW,15.8431,34.347,0.0573,36.901,25.690,4.1143,0.9557,2.61,0.6980,PASS (< 2.0%)
Hz_Sweep_1200RPM,dual_90_48coils,Dual Orthogonal 90° (48 Coils),60.0,1200.0,CW,17.1831,34.347,0.0687,36.901,25.690,4.1143,0.9588,2.60,0.7040,PASS (< 2.0%)
Hz_Sweep_1200RPM,dual_90_48coils,Dual Orthogonal 90° (48 Coils),80.0,1200.0,CW,19.6226,34.347,0.0917,36.901,25.690,4.1143,0.9651,2.59,0.7160,PASS (< 2.0%)
Hz_Sweep_1200RPM,dual_90_48coils,Dual Orthogonal 90° (48 Coils),100.0,1200.0,CW,21.7565,34.347,0.1146,36.901,25.690,4.1143,0.9713,2.57,0.7280,PASS (< 2.0%)
Hz_Sweep_1200RPM,dual_90_48coils,Dual Orthogonal 90° (48 Coils),120.0,1200.0,CW,23.4832,34.347,0.1375,36.901,25.690,4.1143,0.9776,2.56,0.7400,PASS (< 2.0%)
Hz_Sweep_1200RPM,dual_90_48coils,Dual Orthogonal 90° (48 Coils),150.0,1200.0,CW,25.1604,34.347,0.1719,36.901,25.690,4.1143,0.9870,2.53,0.7580,PASS (< 2.0%)
Hz_Sweep_1200RPM,dual_90_48coils,Dual Orthogonal 90° (48 Coils),200.0,1200.0,CW,26.4720,34.347,0.2292,36.901,25.690,4.1143,0.9990,2.50,0.7880,PASS (< 2.0%)
Hz_Sweep_1200RPM,dual_90_48coils,Dual Orthogonal 90° (48 Coils),300.0,1200.0,CW,28.4395,34.347,0.3437,36.901,25.690,4.1143,0.9990,2.50,0.8480,PASS (< 2.0%)
Hz_Sweep_1200RPM,dual_90_48coils,Dual Orthogonal 90° (48 Coils),500.0,1200.0,CW,32.5555,34.347,0.5729,36.901,25.690,4.1143,0.9990,2.50,0.9680,PASS (< 2.0%)
Hz_Sweep_1200RPM,dual_90_48coils,Dual Orthogonal 90° (48 Coils),750.0,1200.0,CW,37.0525,34.347,0.8593,36.901,25.690,4.1143,0.9990,2.50,1.1180,PASS (< 2.0%)
Hz_Sweep_1200RPM,dual_90_48coils,Dual Orthogonal 90° (48 Coils),1000.0,1200.0,CW,40.8733,34.347,1.1458,36.901,25.690,4.1143,0.9990,2.50,1.2680,PASS (< 2.0%)
Hz_Sweep_1200RPM,dual_90_48coils,Dual Orthogonal 90° (48 Coils),25.0,1200.0,CCW,8.4885,34.183,0.0276,36.901,-25.690,2.7031,-0.9176,2.71,0.6830,PASS (< 2.0%)
Hz_Sweep_1200RPM,dual_90_48coils,Dual Orthogonal 90° (48 Coils),50.0,1200.0,CCW,11.3621,34.183,0.0551,36.901,-25.690,2.7031,-0.9252,2.69,0.6980,PASS (< 2.0%)
Hz_Sweep_1200RPM,dual_90_48coils,Dual Orthogonal 90° (48 Coils),60.0,1200.0,CCW,12.3260,34.183,0.0661,36.901,-25.690,2.7031,-0.9282,2.68,0.7040,PASS (< 2.0%)
Hz_Sweep_1200RPM,dual_90_48coils,Dual Orthogonal 90° (48 Coils),80.0,1200.0,CCW,14.0807,34.183,0.0882,36.901,-25.690,2.7031,-0.9343,2.66,0.7160,PASS (< 2.0%)
Hz_Sweep_1200RPM,dual_90_48coils,Dual Orthogonal 90° (48 Coils),100.0,1200.0,CCW,15.6157,34.183,0.1102,36.901,-25.690,2.7031,-0.9403,2.65,0.7280,PASS (< 2.0%)
Hz_Sweep_1200RPM,dual_90_48coils,Dual Orthogonal 90° (48 Coils),120.0,1200.0,CCW,16.8577,34.183,0.1323,36.901,-25.690,2.7031,-0.9464,2.63,0.7400,PASS (< 2.0%)
Hz_Sweep_1200RPM,dual_90_48coils,Dual Orthogonal 90° (48 Coils),150.0,1200.0,CCW,18.0641,34.183,0.1654,36.901,-25.690,2.7031,-0.9555,2.61,0.7580,PASS (< 2.0%)
Hz_Sweep_1200RPM,dual_90_48coils,Dual Orthogonal 90° (48 Coils),200.0,1200.0,CCW,19.0076,34.183,0.2205,36.901,-25.690,2.7031,-0.9707,2.57,0.7880,PASS (< 2.0%)
Hz_Sweep_1200RPM,dual_90_48coils,Dual Orthogonal 90° (48 Coils),300.0,1200.0,CCW,20.4228,34.183,0.3307,36.901,-25.690,2.7031,-0.9990,2.50,0.8480,PASS (< 2.0%)
Hz_Sweep_1200RPM,dual_90_48coils,Dual Orthogonal 90° (48 Coils),500.0,1200.0,CCW,23.3836,34.183,0.5512,36.901,-25.690,2.7031,-0.9990,2.50,0.9680,PASS (< 2.0%)
Hz_Sweep_1200RPM,dual_90_48coils,Dual Orthogonal 90° (48 Coils),750.0,1200.0,CCW,26.6183,34.183,0.8269,36.901,-25.690,2.7031,-0.9990,2.50,1.1180,PASS (< 2.0%)
Hz_Sweep_1200RPM,dual_90_48coils,Dual Orthogonal 90° (48 Coils),1000.0,1200.0,CCW,29.3668,34.183,1.1025,36.901,-25.690,2.7031,-0.9990,2.50,1.2680,PASS (< 2.0%)
RPM_Sweep_100Hz,dual_90_48coils,Dual Orthogonal 90° (48 Coils),100.0,0.0,CW,21.6939,34.347,0.1146,0.000,0.000,3.4087,0.9400,2.65,0.5480,PASS (< 2.0%)
RPM_Sweep_100Hz,dual_90_48coils,Dual Orthogonal 90° (48 Coils),100.0,60.0,CW,21.6971,34.347,0.1146,1.845,1.285,3.4440,0.9416,2.65,0.5570,PASS (< 2.0%)
RPM_Sweep_100Hz,dual_90_48coils,Dual Orthogonal 90° (48 Coils),100.0,120.0,CW,21.7002,34.347,0.1146,3.690,2.569,3.4792,0.9431,2.64,0.5660,PASS (< 2.0%)
RPM_Sweep_100Hz,dual_90_48coils,Dual Orthogonal 90° (48 Coils),100.0,300.0,CW,21.7096,34.347,0.1146,9.225,6.423,3.5851,0.9478,2.63,0.5930,PASS (< 2.0%)
RPM_Sweep_100Hz,dual_90_48coils,Dual Orthogonal 90° (48 Coils),100.0,600.0,CW,21.7252,34.347,0.1146,18.451,12.845,3.7615,0.9557,2.61,0.6380,PASS (< 2.0%)
RPM_Sweep_100Hz,dual_90_48coils,Dual Orthogonal 90° (48 Coils),100.0,900.0,CW,21.7409,34.347,0.1146,27.676,19.268,3.9379,0.9635,2.59,0.6830,PASS (< 2.0%)
RPM_Sweep_100Hz,dual_90_48coils,Dual Orthogonal 90° (48 Coils),100.0,1200.0,CW,21.7565,34.347,0.1146,36.901,25.690,4.1143,0.9713,2.57,0.7280,PASS (< 2.0%)
RPM_Sweep_100Hz,dual_90_48coils,Dual Orthogonal 90° (48 Coils),100.0,1500.0,CW,21.7722,34.347,0.1146,46.127,32.113,4.2907,0.9792,2.55,0.7730,PASS (< 2.0%)
RPM_Sweep_100Hz,dual_90_48coils,Dual Orthogonal 90° (48 Coils),100.0,1800.0,CW,21.7878,34.347,0.1146,55.352,38.535,4.4671,0.9870,2.53,0.8180,PASS (< 2.0%)
RPM_Sweep_100Hz,dual_90_48coils,Dual Orthogonal 90° (48 Coils),100.0,2400.0,CW,21.8191,34.347,0.1146,73.803,51.380,4.8199,0.9990,2.50,0.9080,PASS (< 2.0%)
RPM_Sweep_100Hz,dual_90_48coils,Dual Orthogonal 90° (48 Coils),100.0,0.0,CCW,15.6045,34.183,0.1102,0.000,-0.000,3.4087,-0.9100,2.73,0.5480,PASS (< 2.0%)
RPM_Sweep_100Hz,dual_90_48coils,Dual Orthogonal 90° (48 Coils),100.0,60.0,CCW,15.6050,34.183,0.1102,1.845,-1.285,3.3734,-0.9115,2.72,0.5570,PASS (< 2.0%)
RPM_Sweep_100Hz,dual_90_48coils,Dual Orthogonal 90° (48 Coils),100.0,120.0,CCW,15.6056,34.183,0.1102,3.690,-2.569,3.3381,-0.9130,2.72,0.5660,PASS (< 2.0%)
RPM_Sweep_100Hz,dual_90_48coils,Dual Orthogonal 90° (48 Coils),100.0,300.0,CCW,15.6073,34.183,0.1102,9.225,-6.423,3.2323,-0.9176,2.71,0.5930,PASS (< 2.0%)
RPM_Sweep_100Hz,dual_90_48coils,Dual Orthogonal 90° (48 Coils),100.0,600.0,CCW,15.6101,34.183,0.1102,18.451,-12.845,3.0559,-0.9252,2.69,0.6380,PASS (< 2.0%)
RPM_Sweep_100Hz,dual_90_48coils,Dual Orthogonal 90° (48 Coils),100.0,900.0,CCW,15.6129,34.183,0.1102,27.676,-19.268,2.8795,-0.9327,2.67,0.6830,PASS (< 2.0%)
RPM_Sweep_100Hz,dual_90_48coils,Dual Orthogonal 90° (48 Coils),100.0,1200.0,CCW,15.6157,34.183,0.1102,36.901,-25.690,2.7031,-0.9403,2.65,0.7280,PASS (< 2.0%)
RPM_Sweep_100Hz,dual_90_48coils,Dual Orthogonal 90° (48 Coils),100.0,1500.0,CCW,15.6185,34.183,0.1102,46.127,-32.113,2.5267,-0.9479,2.63,0.7730,PASS (< 2.0%)
RPM_Sweep_100Hz,dual_90_48coils,Dual Orthogonal 90° (48 Coils),100.0,1800.0,CCW,15.6213,34.183,0.1102,55.352,-38.535,2.3503,-0.9555,2.61,0.8180,PASS (< 2.0%)
RPM_Sweep_100Hz,dual_90_48coils,Dual Orthogonal 90° (48 Coils),100.0,2400.0,CCW,15.6269,34.183,0.1102,73.803,-51.380,1.9975,-0.9707,2.57,0.9080,PASS (< 2.0%)
Hz_Sweep_1200RPM,chiral_wpt_benchtop,Chiral WPT Benchtop (18.5 W),25.0,1200.0,CW,10.9732,34.316,0.0284,35.827,22.339,3.4827,0.9478,2.63,0.6650,PASS (< 2.0%)
Hz_Sweep_1200RPM,chiral_wpt_benchtop,Chiral WPT Benchtop (18.5 W),50.0,1200.0,CW,14.6278,34.316,0.0569,35.827,22.339,3.4827,0.9557,2.61,0.6800,PASS (< 2.0%)
Hz_Sweep_1200RPM,chiral_wpt_benchtop,Chiral WPT Benchtop (18.5 W),60.0,1200.0,CW,15.8442,34.316,0.0683,35.827,22.339,3.4827,0.9588,2.60,0.6860,PASS (< 2.0%)
Hz_Sweep_1200RPM,chiral_wpt_benchtop,Chiral WPT Benchtop (18.5 W),80.0,1200.0,CW,18.0482,34.316,0.0910,35.827,22.339,3.4827,0.9651,2.59,0.6980,PASS (< 2.0%)
Hz_Sweep_1200RPM,chiral_wpt_benchtop,Chiral WPT Benchtop (18.5 W),100.0,1200.0,CW,19.9723,34.316,0.1138,35.827,22.339,3.4827,0.9713,2.57,0.7100,PASS (< 2.0%)
Hz_Sweep_1200RPM,chiral_wpt_benchtop,Chiral WPT Benchtop (18.5 W),120.0,1200.0,CW,21.5412,34.316,0.1365,35.827,22.339,3.4827,0.9776,2.56,0.7220,PASS (< 2.0%)
Hz_Sweep_1200RPM,chiral_wpt_benchtop,Chiral WPT Benchtop (18.5 W),150.0,1200.0,CW,23.1167,34.316,0.1706,35.827,22.339,3.4827,0.9870,2.53,0.7400,PASS (< 2.0%)
Hz_Sweep_1200RPM,chiral_wpt_benchtop,Chiral WPT Benchtop (18.5 W),200.0,1200.0,CW,24.4724,34.316,0.2275,35.827,22.339,3.4827,0.9990,2.50,0.7700,PASS (< 2.0%)
Hz_Sweep_1200RPM,chiral_wpt_benchtop,Chiral WPT Benchtop (18.5 W),300.0,1200.0,CW,26.5361,34.316,0.3413,35.827,22.339,3.4827,0.9990,2.50,0.8300,PASS (< 2.0%)
Hz_Sweep_1200RPM,chiral_wpt_benchtop,Chiral WPT Benchtop (18.5 W),500.0,1200.0,CW,30.5912,34.316,0.5688,35.827,22.339,3.4827,0.9990,2.50,0.9500,PASS (< 2.0%)
Hz_Sweep_1200RPM,chiral_wpt_benchtop,Chiral WPT Benchtop (18.5 W),750.0,1200.0,CW,34.9231,34.316,0.8532,35.827,22.339,3.4827,0.9990,2.50,1.1000,PASS (< 2.0%)
Hz_Sweep_1200RPM,chiral_wpt_benchtop,Chiral WPT Benchtop (18.5 W),1000.0,1200.0,CW,38.5782,34.316,1.1376,35.827,22.339,3.4827,0.9990,2.50,1.2500,PASS (< 2.0%)
Hz_Sweep_1200RPM,chiral_wpt_benchtop,Chiral WPT Benchtop (18.5 W),25.0,1200.0,CCW,8.9072,34.213,0.0278,35.827,-22.339,2.4202,-0.9176,2.71,0.6650,PASS (< 2.0%)
Hz_Sweep_1200RPM,chiral_wpt_benchtop,Chiral WPT Benchtop (18.5 W),50.0,1200.0,CCW,11.8850,34.213,0.0555,35.827,-22.339,2.4202,-0.9252,2.69,0.6800,PASS (< 2.0%)
Hz_Sweep_1200RPM,chiral_wpt_benchtop,Chiral WPT Benchtop (18.5 W),60.0,1200.0,CCW,12.8762,34.213,0.0666,35.827,-22.339,2.4202,-0.9282,2.68,0.6860,PASS (< 2.0%)
Hz_Sweep_1200RPM,chiral_wpt_benchtop,Chiral WPT Benchtop (18.5 W),80.0,1200.0,CCW,14.6721,34.213,0.0888,35.827,-22.339,2.4202,-0.9343,2.66,0.6980,PASS (< 2.0%)
Hz_Sweep_1200RPM,chiral_wpt_benchtop,Chiral WPT Benchtop (18.5 W),100.0,1200.0,CCW,16.2398,34.213,0.1111,35.827,-22.339,2.4202,-0.9403,2.65,0.7100,PASS (< 2.0%)
Hz_Sweep_1200RPM,chiral_wpt_benchtop,Chiral WPT Benchtop (18.5 W),120.0,1200.0,CCW,17.5182,34.213,0.1333,35.827,-22.339,2.4202,-0.9464,2.63,0.7220,PASS (< 2.0%)
Hz_Sweep_1200RPM,chiral_wpt_benchtop,Chiral WPT Benchtop (18.5 W),150.0,1200.0,CCW,18.8019,34.213,0.1666,35.827,-22.339,2.4202,-0.9555,2.61,0.7400,PASS (< 2.0%)
Hz_Sweep_1200RPM,chiral_wpt_benchtop,Chiral WPT Benchtop (18.5 W),200.0,1200.0,CCW,19.9067,34.213,0.2221,35.827,-22.339,2.4202,-0.9707,2.57,0.7700,PASS (< 2.0%)
Hz_Sweep_1200RPM,chiral_wpt_benchtop,Chiral WPT Benchtop (18.5 W),300.0,1200.0,CCW,21.5882,34.213,0.3332,35.827,-22.339,2.4202,-0.9990,2.50,0.8300,PASS (< 2.0%)
Hz_Sweep_1200RPM,chiral_wpt_benchtop,Chiral WPT Benchtop (18.5 W),500.0,1200.0,CCW,24.8924,34.213,0.5553,35.827,-22.339,2.4202,-0.9990,2.50,0.9500,PASS (< 2.0%)
Hz_Sweep_1200RPM,chiral_wpt_benchtop,Chiral WPT Benchtop (18.5 W),750.0,1200.0,CCW,28.4222,34.213,0.8329,35.827,-22.339,2.4202,-0.9990,2.50,1.1000,PASS (< 2.0%)
Hz_Sweep_1200RPM,chiral_wpt_benchtop,Chiral WPT Benchtop (18.5 W),1000.0,1200.0,CCW,31.4005,34.213,1.1106,35.827,-22.339,2.4202,-0.9990,2.50,1.2500,PASS (< 2.0%)
RPM_Sweep_100Hz,chiral_wpt_benchtop,Chiral WPT Benchtop (18.5 W),100.0,0.0,CW,19.9141,34.316,0.1138,0.000,0.000,2.9514,0.9400,2.65,0.5300,PASS (< 2.0%)
RPM_Sweep_100Hz,chiral_wpt_benchtop,Chiral WPT Benchtop (18.5 W),100.0,60.0,CW,19.9170,34.316,0.1138,1.791,1.117,2.9780,0.9416,2.65,0.5390,PASS (< 2.0%)
RPM_Sweep_100Hz,chiral_wpt_benchtop,Chiral WPT Benchtop (18.5 W),100.0,120.0,CW,19.9199,34.316,0.1138,3.583,2.234,3.0045,0.9431,2.64,0.5480,PASS (< 2.0%)
RPM_Sweep_100Hz,chiral_wpt_benchtop,Chiral WPT Benchtop (18.5 W),100.0,300.0,CW,19.9286,34.316,0.1138,8.957,5.585,3.0842,0.9478,2.63,0.5750,PASS (< 2.0%)
RPM_Sweep_100Hz,chiral_wpt_benchtop,Chiral WPT Benchtop (18.5 W),100.0,600.0,CW,19.9432,34.316,0.1138,17.913,11.170,3.2170,0.9557,2.61,0.6200,PASS (< 2.0%)
RPM_Sweep_100Hz,chiral_wpt_benchtop,Chiral WPT Benchtop (18.5 W),100.0,900.0,CW,19.9577,34.316,0.1138,26.870,16.754,3.3499,0.9635,2.59,0.6650,PASS (< 2.0%)
RPM_Sweep_100Hz,chiral_wpt_benchtop,Chiral WPT Benchtop (18.5 W),100.0,1200.0,CW,19.9723,34.316,0.1138,35.827,22.339,3.4827,0.9713,2.57,0.7100,PASS (< 2.0%)
RPM_Sweep_100Hz,chiral_wpt_benchtop,Chiral WPT Benchtop (18.5 W),100.0,1500.0,CW,19.9868,34.316,0.1138,44.783,27.924,3.6155,0.9792,2.55,0.7550,PASS (< 2.0%)
RPM_Sweep_100Hz,chiral_wpt_benchtop,Chiral WPT Benchtop (18.5 W),100.0,1800.0,CW,20.0013,34.316,0.1138,53.740,33.509,3.7483,0.9870,2.53,0.8000,PASS (< 2.0%)
RPM_Sweep_100Hz,chiral_wpt_benchtop,Chiral WPT Benchtop (18.5 W),100.0,2400.0,CW,20.0304,34.316,0.1138,71.653,44.679,4.0139,0.9990,2.50,0.8900,PASS (< 2.0%)
RPM_Sweep_100Hz,chiral_wpt_benchtop,Chiral WPT Benchtop (18.5 W),100.0,0.0,CCW,16.2263,34.213,0.1111,0.000,-0.000,2.9514,-0.9100,2.73,0.5300,PASS (< 2.0%)
RPM_Sweep_100Hz,chiral_wpt_benchtop,Chiral WPT Benchtop (18.5 W),100.0,60.0,CCW,16.2270,34.213,0.1111,1.791,-1.117,2.9249,-0.9115,2.72,0.5390,PASS (< 2.0%)
RPM_Sweep_100Hz,chiral_wpt_benchtop,Chiral WPT Benchtop (18.5 W),100.0,120.0,CCW,16.2277,34.213,0.1111,3.583,-2.234,2.8983,-0.9130,2.72,0.5480,PASS (< 2.0%)
RPM_Sweep_100Hz,chiral_wpt_benchtop,Chiral WPT Benchtop (18.5 W),100.0,300.0,CCW,16.2297,34.213,0.1111,8.957,-5.585,2.8186,-0.9176,2.71,0.5750,PASS (< 2.0%)
RPM_Sweep_100Hz,chiral_wpt_benchtop,Chiral WPT Benchtop (18.5 W),100.0,600.0,CCW,16.2331,34.213,0.1111,17.913,-11.170,2.6858,-0.9252,2.69,0.6200,PASS (< 2.0%)
RPM_Sweep_100Hz,chiral_wpt_benchtop,Chiral WPT Benchtop (18.5 W),100.0,900.0,CCW,16.2364,34.213,0.1111,26.870,-16.754,2.5530,-0.9327,2.67,0.6650,PASS (< 2.0%)
RPM_Sweep_100Hz,chiral_wpt_benchtop,Chiral WPT Benchtop (18.5 W),100.0,1200.0,CCW,16.2398,34.213,0.1111,35.827,-22.339,2.4202,-0.9403,2.65,0.7100,PASS (< 2.0%)
RPM_Sweep_100Hz,chiral_wpt_benchtop,Chiral WPT Benchtop (18.5 W),100.0,1500.0,CCW,16.2432,34.213,0.1111,44.783,-27.924,2.2873,-0.9479,2.63,0.7550,PASS (< 2.0%)
RPM_Sweep_100Hz,chiral_wpt_benchtop,Chiral WPT Benchtop (18.5 W),100.0,1800.0,CCW,16.2466,34.213,0.1111,53.740,-33.509,2.1545,-0.9555,2.61,0.8000,PASS (< 2.0%)
RPM_Sweep_100Hz,chiral_wpt_benchtop,Chiral WPT Benchtop (18.5 W),100.0,2400.0,CCW,16.2533,34.213,0.1111,71.653,-44.679,1.8889,-0.9707,2.57,0.8900,PASS (< 2.0%)
Hz_Sweep_1200RPM,dual_rotor_npnpnp,Dual Continuous 90° NPNPNP,25.0,1200.0,CW,10.5874,34.301,0.0283,35.468,21.222,3.3101,0.9478,2.63,0.6590,PASS (< 2.0%)
Hz_Sweep_1200RPM,dual_rotor_npnpnp,Dual Continuous 90° NPNPNP,50.0,1200.0,CW,14.0983,34.301,0.0567,35.468,21.222,3.3101,0.9557,2.61,0.6740,PASS (< 2.0%)
Hz_Sweep_1200RPM,dual_rotor_npnpnp,Dual Continuous 90° NPNPNP,60.0,1200.0,CW,15.2638,34.301,0.0680,35.468,21.222,3.3101,0.9588,2.60,0.6800,PASS (< 2.0%)
Hz_Sweep_1200RPM,dual_rotor_npnpnp,Dual Continuous 90° NPNPNP,80.0,1200.0,CW,17.3719,34.301,0.0907,35.468,21.222,3.3101,0.9651,2.59,0.6920,PASS (< 2.0%)
Hz_Sweep_1200RPM,dual_rotor_npnpnp,Dual Continuous 90° NPNPNP,100.0,1200.0,CW,19.2108,34.301,0.1134,35.468,21.222,3.3101,0.9713,2.57,0.7040,PASS (< 2.0%)
Hz_Sweep_1200RPM,dual_rotor_npnpnp,Dual Continuous 90° NPNPNP,120.0,1200.0,CW,20.7145,34.301,0.1360,35.468,21.222,3.3101,0.9776,2.56,0.7160,PASS (< 2.0%)
Hz_Sweep_1200RPM,dual_rotor_npnpnp,Dual Continuous 90° NPNPNP,150.0,1200.0,CW,22.2418,34.301,0.1700,35.468,21.222,3.3101,0.9870,2.53,0.7340,PASS (< 2.0%)
Hz_Sweep_1200RPM,dual_rotor_npnpnp,Dual Continuous 90° NPNPNP,200.0,1200.0,CW,23.5967,34.301,0.2267,35.468,21.222,3.3101,0.9990,2.50,0.7640,PASS (< 2.0%)
Hz_Sweep_1200RPM,dual_rotor_npnpnp,Dual Continuous 90° NPNPNP,300.0,1200.0,CW,25.6677,34.301,0.3401,35.468,21.222,3.3101,0.9990,2.50,0.8240,PASS (< 2.0%)
Hz_Sweep_1200RPM,dual_rotor_npnpnp,Dual Continuous 90° NPNPNP,500.0,1200.0,CW,29.6607,34.301,0.5668,35.468,21.222,3.3101,0.9990,2.50,0.9440,PASS (< 2.0%)
Hz_Sweep_1200RPM,dual_rotor_npnpnp,Dual Continuous 90° NPNPNP,750.0,1200.0,CW,33.8954,34.301,0.8502,35.468,21.222,3.3101,0.9990,2.50,1.0940,PASS (< 2.0%)
Hz_Sweep_1200RPM,dual_rotor_npnpnp,Dual Continuous 90° NPNPNP,1000.0,1200.0,CW,37.4605,34.301,1.1336,35.468,21.222,3.3101,0.9990,2.50,1.2440,PASS (< 2.0%)
Hz_Sweep_1200RPM,dual_rotor_npnpnp,Dual Continuous 90° NPNPNP,25.0,1200.0,CCW,9.1409,34.229,0.0279,35.468,-21.222,2.3433,-0.9176,2.71,0.6590,PASS (< 2.0%)
Hz_Sweep_1200RPM,dual_rotor_npnpnp,Dual Continuous 90° NPNPNP,50.0,1200.0,CCW,12.1837,34.229,0.0557,35.468,-21.222,2.3433,-0.9252,2.69,0.6740,PASS (< 2.0%)
Hz_Sweep_1200RPM,dual_rotor_npnpnp,Dual Continuous 90° NPNPNP,60.0,1200.0,CCW,13.1938,34.229,0.0669,35.468,-21.222,2.3433,-0.9282,2.68,0.6800,PASS (< 2.0%)
Hz_Sweep_1200RPM,dual_rotor_npnpnp,Dual Continuous 90° NPNPNP,80.0,1200.0,CCW,15.0208,34.229,0.0892,35.468,-21.222,2.3433,-0.9343,2.66,0.6920,PASS (< 2.0%)
Hz_Sweep_1200RPM,dual_rotor_npnpnp,Dual Continuous 90° NPNPNP,100.0,1200.0,CCW,16.6145,34.229,0.1115,35.468,-21.222,2.3433,-0.9403,2.65,0.7040,PASS (< 2.0%)
Hz_Sweep_1200RPM,dual_rotor_npnpnp,Dual Continuous 90° NPNPNP,120.0,1200.0,CCW,17.9177,34.229,0.1338,35.468,-21.222,2.3433,-0.9464,2.63,0.7160,PASS (< 2.0%)
Hz_Sweep_1200RPM,dual_rotor_npnpnp,Dual Continuous 90° NPNPNP,150.0,1200.0,CCW,19.2414,34.229,0.1672,35.468,-21.222,2.3433,-0.9555,2.61,0.7340,PASS (< 2.0%)
Hz_Sweep_1200RPM,dual_rotor_npnpnp,Dual Continuous 90° NPNPNP,200.0,1200.0,CCW,20.4156,34.229,0.2229,35.468,-21.222,2.3433,-0.9707,2.57,0.7640,PASS (< 2.0%)
Hz_Sweep_1200RPM,dual_rotor_npnpnp,Dual Continuous 90° NPNPNP,300.0,1200.0,CCW,22.2105,34.229,0.3344,35.468,-21.222,2.3433,-0.9990,2.50,0.8240,PASS (< 2.0%)
Hz_Sweep_1200RPM,dual_rotor_npnpnp,Dual Continuous 90° NPNPNP,500.0,1200.0,CCW,25.6712,34.229,0.5573,35.468,-21.222,2.3433,-0.9990,2.50,0.9440,PASS (< 2.0%)
Hz_Sweep_1200RPM,dual_rotor_npnpnp,Dual Continuous 90° NPNPNP,750.0,1200.0,CCW,29.3413,34.229,0.8360,35.468,-21.222,2.3433,-0.9990,2.50,1.0940,PASS (< 2.0%)
Hz_Sweep_1200RPM,dual_rotor_npnpnp,Dual Continuous 90° NPNPNP,1000.0,1200.0,CCW,32.4311,34.229,1.1147,35.468,-21.222,2.3433,-0.9990,2.50,1.2440,PASS (< 2.0%)
RPM_Sweep_100Hz,dual_rotor_npnpnp,Dual Continuous 90° NPNPNP,100.0,0.0,CW,19.1541,34.301,0.1134,0.000,0.000,2.8267,0.9400,2.65,0.5240,PASS (< 2.0%)
RPM_Sweep_100Hz,dual_rotor_npnpnp,Dual Continuous 90° NPNPNP,100.0,60.0,CW,19.1570,34.301,0.1134,1.773,1.061,2.8509,0.9416,2.65,0.5330,PASS (< 2.0%)
RPM_Sweep_100Hz,dual_rotor_npnpnp,Dual Continuous 90° NPNPNP,100.0,120.0,CW,19.1598,34.301,0.1134,3.547,2.122,2.8750,0.9431,2.64,0.5420,PASS (< 2.0%)
RPM_Sweep_100Hz,dual_rotor_npnpnp,Dual Continuous 90° NPNPNP,100.0,300.0,CW,19.1683,34.301,0.1134,8.867,5.306,2.9475,0.9478,2.63,0.5690,PASS (< 2.0%)
RPM_Sweep_100Hz,dual_rotor_npnpnp,Dual Continuous 90° NPNPNP,100.0,600.0,CW,19.1825,34.301,0.1134,17.734,10.611,3.0684,0.9557,2.61,0.6140,PASS (< 2.0%)
RPM_Sweep_100Hz,dual_rotor_npnpnp,Dual Continuous 90° NPNPNP,100.0,900.0,CW,19.1967,34.301,0.1134,26.601,15.917,3.1892,0.9635,2.59,0.6590,PASS (< 2.0%)
RPM_Sweep_100Hz,dual_rotor_npnpnp,Dual Continuous 90° NPNPNP,100.0,1200.0,CW,19.2108,34.301,0.1134,35.468,21.222,3.3101,0.9713,2.57,0.7040,PASS (< 2.0%)
RPM_Sweep_100Hz,dual_rotor_npnpnp,Dual Continuous 90° NPNPNP,100.0,1500.0,CW,19.2250,34.301,0.1134,44.335,26.528,3.4309,0.9792,2.55,0.7490,PASS (< 2.0%)
RPM_Sweep_100Hz,dual_rotor_npnpnp,Dual Continuous 90° NPNPNP,100.0,1800.0,CW,19.2392,34.301,0.1134,53.203,31.833,3.5518,0.9870,2.53,0.7940,PASS (< 2.0%)
RPM_Sweep_100Hz,dual_rotor_npnpnp,Dual Continuous 90° NPNPNP,100.0,2400.0,CW,19.2675,34.301,0.1134,70.937,42.445,3.7934,0.9990,2.50,0.8840,PASS (< 2.0%)
RPM_Sweep_100Hz,dual_rotor_npnpnp,Dual Continuous 90° NPNPNP,100.0,0.0,CCW,16.6003,34.229,0.1115,0.000,-0.000,2.8267,-0.9100,2.73,0.5240,PASS (< 2.0%)
RPM_Sweep_100Hz,dual_rotor_npnpnp,Dual Continuous 90° NPNPNP,100.0,60.0,CCW,16.6010,34.229,0.1115,1.773,-1.061,2.8025,-0.9115,2.72,0.5330,PASS (< 2.0%)
RPM_Sweep_100Hz,dual_rotor_npnpnp,Dual Continuous 90° NPNPNP,100.0,120.0,CCW,16.6017,34.229,0.1115,3.547,-2.122,2.7784,-0.9130,2.72,0.5420,PASS (< 2.0%)
RPM_Sweep_100Hz,dual_rotor_npnpnp,Dual Continuous 90° NPNPNP,100.0,300.0,CCW,16.6038,34.229,0.1115,8.867,-5.306,2.7059,-0.9176,2.71,0.5690,PASS (< 2.0%)
RPM_Sweep_100Hz,dual_rotor_npnpnp,Dual Continuous 90° NPNPNP,100.0,600.0,CCW,16.6074,34.229,0.1115,17.734,-10.611,2.5850,-0.9252,2.69,0.6140,PASS (< 2.0%)
RPM_Sweep_100Hz,dual_rotor_npnpnp,Dual Continuous 90° NPNPNP,100.0,900.0,CCW,16.6110,34.229,0.1115,26.601,-15.917,2.4642,-0.9327,2.67,0.6590,PASS (< 2.0%)
RPM_Sweep_100Hz,dual_rotor_npnpnp,Dual Continuous 90° NPNPNP,100.0,1200.0,CCW,16.6145,34.229,0.1115,35.468,-21.222,2.3433,-0.9403,2.65,0.7040,PASS (< 2.0%)
RPM_Sweep_100Hz,dual_rotor_npnpnp,Dual Continuous 90° NPNPNP,100.0,1500.0,CCW,16.6181,34.229,0.1115,44.335,-26.528,2.2225,-0.9479,2.63,0.7490,PASS (< 2.0%)
RPM_Sweep_100Hz,dual_rotor_npnpnp,Dual Continuous 90° NPNPNP,100.0,1800.0,CCW,16.6216,34.229,0.1115,53.203,-31.833,2.1017,-0.9555,2.61,0.7940,PASS (< 2.0%)
RPM_Sweep_100Hz,dual_rotor_npnpnp,Dual Continuous 90° NPNPNP,100.0,2400.0,CCW,16.6288,34.229,0.1115,70.937,-42.445,1.8600,-0.9707,2.57,0.8840,PASS (< 2.0%)
Hz_Sweep_1200RPM,fibonacci_24x24,Fibonacci 24x24 (Pisano mod 9),25.0,1200.0,CW,10.1742,34.285,0.0282,34.967,19.659,2.8892,0.9478,2.63,0.6506,PASS (< 2.0%)
Hz_Sweep_1200RPM,fibonacci_24x24,Fibonacci 24x24 (Pisano mod 9),50.0,1200.0,CW,13.5274,34.285,0.0565,34.967,19.659,2.8892,0.9557,2.61,0.6656,PASS (< 2.0%)
Hz_Sweep_1200RPM,fibonacci_24x24,Fibonacci 24x24 (Pisano mod 9),60.0,1200.0,CW,14.6363,34.285,0.0678,34.967,19.659,2.8892,0.9588,2.60,0.6716,PASS (< 2.0%)
Hz_Sweep_1200RPM,fibonacci_24x24,Fibonacci 24x24 (Pisano mod 9),80.0,1200.0,CW,16.6369,34.285,0.0904,34.967,19.659,2.8892,0.9651,2.59,0.6836,PASS (< 2.0%)
Hz_Sweep_1200RPM,fibonacci_24x24,Fibonacci 24x24 (Pisano mod 9),100.0,1200.0,CW,18.3803,34.285,0.1130,34.967,19.659,2.8892,0.9713,2.57,0.6956,PASS (< 2.0%)
Hz_Sweep_1200RPM,fibonacci_24x24,Fibonacci 24x24 (Pisano mod 9),120.0,1200.0,CW,19.8116,34.285,0.1355,34.967,19.659,2.8892,0.9776,2.56,0.7076,PASS (< 2.0%)
Hz_Sweep_1200RPM,fibonacci_24x24,Fibonacci 24x24 (Pisano mod 9),150.0,1200.0,CW,21.2893,34.285,0.1694,34.967,19.659,2.8892,0.9870,2.53,0.7256,PASS (< 2.0%)
Hz_Sweep_1200RPM,fibonacci_24x24,Fibonacci 24x24 (Pisano mod 9),200.0,1200.0,CW,22.6553,34.285,0.2259,34.967,19.659,2.8892,0.9990,2.50,0.7556,PASS (< 2.0%)
Hz_Sweep_1200RPM,fibonacci_24x24,Fibonacci 24x24 (Pisano mod 9),300.0,1200.0,CW,24.7552,34.285,0.3389,34.967,19.659,2.8892,0.9990,2.50,0.8156,PASS (< 2.0%)
Hz_Sweep_1200RPM,fibonacci_24x24,Fibonacci 24x24 (Pisano mod 9),500.0,1200.0,CW,28.7027,34.285,0.5648,34.967,19.659,2.8892,0.9990,2.50,0.9356,PASS (< 2.0%)
Hz_Sweep_1200RPM,fibonacci_24x24,Fibonacci 24x24 (Pisano mod 9),750.0,1200.0,CW,32.8481,34.285,0.8471,34.967,19.659,2.8892,0.9990,2.50,1.0856,PASS (< 2.0%)
Hz_Sweep_1200RPM,fibonacci_24x24,Fibonacci 24x24 (Pisano mod 9),1000.0,1200.0,CW,36.3269,34.285,1.1295,34.967,19.659,2.8892,0.9990,2.50,1.2356,PASS (< 2.0%)
Hz_Sweep_1200RPM,fibonacci_24x24,Fibonacci 24x24 (Pisano mod 9),25.0,1200.0,CCW,9.2420,34.239,0.0279,34.967,-19.659,2.0991,-0.9176,2.71,0.6506,PASS (< 2.0%)
Hz_Sweep_1200RPM,fibonacci_24x24,Fibonacci 24x24 (Pisano mod 9),50.0,1200.0,CCW,12.2993,34.239,0.0559,34.967,-19.659,2.0991,-0.9252,2.69,0.6656,PASS (< 2.0%)
Hz_Sweep_1200RPM,fibonacci_24x24,Fibonacci 24x24 (Pisano mod 9),60.0,1200.0,CCW,13.3104,34.239,0.0670,34.967,-19.659,2.0991,-0.9282,2.68,0.6716,PASS (< 2.0%)
Hz_Sweep_1200RPM,fibonacci_24x24,Fibonacci 24x24 (Pisano mod 9),80.0,1200.0,CCW,15.1345,34.239,0.0894,34.967,-19.659,2.0991,-0.9343,2.66,0.6836,PASS (< 2.0%)
Hz_Sweep_1200RPM,fibonacci_24x24,Fibonacci 24x24 (Pisano mod 9),100.0,1200.0,CCW,16.7240,34.239,0.1117,34.967,-19.659,2.0991,-0.9403,2.65,0.6956,PASS (< 2.0%)
Hz_Sweep_1200RPM,fibonacci_24x24,Fibonacci 24x24 (Pisano mod 9),120.0,1200.0,CCW,18.0290,34.239,0.1341,34.967,-19.659,2.0991,-0.9464,2.63,0.7076,PASS (< 2.0%)
Hz_Sweep_1200RPM,fibonacci_24x24,Fibonacci 24x24 (Pisano mod 9),150.0,1200.0,CCW,19.3763,34.239,0.1676,34.967,-19.659,2.0991,-0.9555,2.61,0.7256,PASS (< 2.0%)
Hz_Sweep_1200RPM,fibonacci_24x24,Fibonacci 24x24 (Pisano mod 9),200.0,1200.0,CCW,20.6218,34.239,0.2235,34.967,-19.659,2.0991,-0.9707,2.57,0.7556,PASS (< 2.0%)
Hz_Sweep_1200RPM,fibonacci_24x24,Fibonacci 24x24 (Pisano mod 9),300.0,1200.0,CCW,22.5364,34.239,0.3352,34.967,-19.659,2.0991,-0.9990,2.50,0.8156,PASS (< 2.0%)
Hz_Sweep_1200RPM,fibonacci_24x24,Fibonacci 24x24 (Pisano mod 9),500.0,1200.0,CCW,26.1357,34.239,0.5587,34.967,-19.659,2.0991,-0.9990,2.50,0.9356,PASS (< 2.0%)
Hz_Sweep_1200RPM,fibonacci_24x24,Fibonacci 24x24 (Pisano mod 9),750.0,1200.0,CCW,29.9153,34.239,0.8380,34.967,-19.659,2.0991,-0.9990,2.50,1.0856,PASS (< 2.0%)
Hz_Sweep_1200RPM,fibonacci_24x24,Fibonacci 24x24 (Pisano mod 9),1000.0,1200.0,CCW,33.0872,34.239,1.1174,34.967,-19.659,2.0991,-0.9990,2.50,1.2356,PASS (< 2.0%)
RPM_Sweep_100Hz,fibonacci_24x24,Fibonacci 24x24 (Pisano mod 9),100.0,0.0,CW,18.3257,34.285,0.1130,0.000,0.000,2.4942,0.9400,2.65,0.5156,PASS (< 2.0%)
RPM_Sweep_100Hz,fibonacci_24x24,Fibonacci 24x24 (Pisano mod 9),100.0,60.0,CW,18.3284,34.285,0.1130,1.748,0.983,2.5139,0.9416,2.65,0.5246,PASS (< 2.0%)
RPM_Sweep_100Hz,fibonacci_24x24,Fibonacci 24x24 (Pisano mod 9),100.0,120.0,CW,18.3311,34.285,0.1130,3.497,1.966,2.5337,0.9431,2.64,0.5336,PASS (< 2.0%)
RPM_Sweep_100Hz,fibonacci_24x24,Fibonacci 24x24 (Pisano mod 9),100.0,300.0,CW,18.3393,34.285,0.1130,8.742,4.915,2.5929,0.9478,2.63,0.5606,PASS (< 2.0%)
RPM_Sweep_100Hz,fibonacci_24x24,Fibonacci 24x24 (Pisano mod 9),100.0,600.0,CW,18.3530,34.285,0.1130,17.483,9.829,2.6917,0.9557,2.61,0.6056,PASS (< 2.0%)
RPM_Sweep_100Hz,fibonacci_24x24,Fibonacci 24x24 (Pisano mod 9),100.0,900.0,CW,18.3666,34.285,0.1130,26.225,14.744,2.7905,0.9635,2.59,0.6506,PASS (< 2.0%)
RPM_Sweep_100Hz,fibonacci_24x24,Fibonacci 24x24 (Pisano mod 9),100.0,1200.0,CW,18.3803,34.285,0.1130,34.967,19.659,2.8892,0.9713,2.57,0.6956,PASS (< 2.0%)
RPM_Sweep_100Hz,fibonacci_24x24,Fibonacci 24x24 (Pisano mod 9),100.0,1500.0,CW,18.3939,34.285,0.1130,43.709,24.573,2.9880,0.9792,2.55,0.7406,PASS (< 2.0%)
RPM_Sweep_100Hz,fibonacci_24x24,Fibonacci 24x24 (Pisano mod 9),100.0,1800.0,CW,18.4076,34.285,0.1130,52.450,29.488,3.0868,0.9870,2.53,0.7856,PASS (< 2.0%)
RPM_Sweep_100Hz,fibonacci_24x24,Fibonacci 24x24 (Pisano mod 9),100.0,2400.0,CW,18.4349,34.285,0.1130,69.934,39.317,3.2843,0.9990,2.50,0.8756,PASS (< 2.0%)
RPM_Sweep_100Hz,fibonacci_24x24,Fibonacci 24x24 (Pisano mod 9),100.0,0.0,CCW,16.7087,34.239,0.1117,0.000,-0.000,2.4942,-0.9100,2.73,0.5156,PASS (< 2.0%)
RPM_Sweep_100Hz,fibonacci_24x24,Fibonacci 24x24 (Pisano mod 9),100.0,60.0,CCW,16.7095,34.239,0.1117,1.748,-0.983,2.4744,-0.9115,2.72,0.5246,PASS (< 2.0%)
RPM_Sweep_100Hz,fibonacci_24x24,Fibonacci 24x24 (Pisano mod 9),100.0,120.0,CCW,16.7102,34.239,0.1117,3.497,-1.966,2.4546,-0.9130,2.72,0.5336,PASS (< 2.0%)
RPM_Sweep_100Hz,fibonacci_24x24,Fibonacci 24x24 (Pisano mod 9),100.0,300.0,CCW,16.7125,34.239,0.1117,8.742,-4.915,2.3954,-0.9176,2.71,0.5606,PASS (< 2.0%)
RPM_Sweep_100Hz,fibonacci_24x24,Fibonacci 24x24 (Pisano mod 9),100.0,600.0,CCW,16.7164,34.239,0.1117,17.483,-9.829,2.2966,-0.9252,2.69,0.6056,PASS (< 2.0%)
RPM_Sweep_100Hz,fibonacci_24x24,Fibonacci 24x24 (Pisano mod 9),100.0,900.0,CCW,16.7202,34.239,0.1117,26.225,-14.744,2.1978,-0.9327,2.67,0.6506,PASS (< 2.0%)
RPM_Sweep_100Hz,fibonacci_24x24,Fibonacci 24x24 (Pisano mod 9),100.0,1200.0,CCW,16.7240,34.239,0.1117,34.967,-19.659,2.0991,-0.9403,2.65,0.6956,PASS (< 2.0%)
RPM_Sweep_100Hz,fibonacci_24x24,Fibonacci 24x24 (Pisano mod 9),100.0,1500.0,CCW,16.7278,34.239,0.1117,43.709,-24.573,2.0003,-0.9479,2.63,0.7406,PASS (< 2.0%)
RPM_Sweep_100Hz,fibonacci_24x24,Fibonacci 24x24 (Pisano mod 9),100.0,1800.0,CCW,16.7317,34.239,0.1117,52.450,-29.488,1.9015,-0.9555,2.61,0.7856,PASS (< 2.0%)
RPM_Sweep_100Hz,fibonacci_24x24,Fibonacci 24x24 (Pisano mod 9),100.0,2400.0,CCW,16.7393,34.239,0.1117,69.934,-39.317,1.7040,-0.9707,2.57,0.8756,PASS (< 2.0%)
Hz_Sweep_1200RPM,triskelion_3lobe,Triskelion 3-Lobe Hexagram,25.0,1200.0,CW,9.8184,34.275,0.0282,34.250,17.425,2.4651,0.9478,2.63,0.6386,PASS (< 2.0%)
Hz_Sweep_1200RPM,triskelion_3lobe,Triskelion 3-Lobe Hexagram,50.0,1200.0,CW,13.0255,34.275,0.0563,34.250,17.425,2.4651,0.9557,2.61,0.6536,PASS (< 2.0%)
Hz_Sweep_1200RPM,triskelion_3lobe,Triskelion 3-Lobe Hexagram,60.0,1200.0,CW,14.0799,34.275,0.0676,34.250,17.425,2.4651,0.9588,2.60,0.6596,PASS (< 2.0%)
Hz_Sweep_1200RPM,triskelion_3lobe,Triskelion 3-Lobe Hexagram,80.0,1200.0,CW,15.9752,34.275,0.0901,34.250,17.425,2.4651,0.9651,2.59,0.6716,PASS (< 2.0%)
Hz_Sweep_1200RPM,triskelion_3lobe,Triskelion 3-Lobe Hexagram,100.0,1200.0,CW,17.6241,34.275,0.1127,34.250,17.425,2.4651,0.9713,2.57,0.6836,PASS (< 2.0%)
Hz_Sweep_1200RPM,triskelion_3lobe,Triskelion 3-Lobe Hexagram,120.0,1200.0,CW,18.9861,34.275,0.1352,34.250,17.425,2.4651,0.9776,2.56,0.6956,PASS (< 2.0%)
Hz_Sweep_1200RPM,triskelion_3lobe,Triskelion 3-Lobe Hexagram,150.0,1200.0,CW,20.4265,34.275,0.1690,34.250,17.425,2.4651,0.9870,2.53,0.7136,PASS (< 2.0%)
Hz_Sweep_1200RPM,triskelion_3lobe,Triskelion 3-Lobe Hexagram,200.0,1200.0,CW,21.8356,34.275,0.2254,34.250,17.425,2.4651,0.9990,2.50,0.7436,PASS (< 2.0%)
Hz_Sweep_1200RPM,triskelion_3lobe,Triskelion 3-Lobe Hexagram,300.0,1200.0,CW,24.0176,34.275,0.3380,34.250,17.425,2.4651,0.9990,2.50,0.8036,PASS (< 2.0%)
Hz_Sweep_1200RPM,triskelion_3lobe,Triskelion 3-Lobe Hexagram,500.0,1200.0,CW,27.9839,34.275,0.5634,34.250,17.425,2.4651,0.9990,2.50,0.9236,PASS (< 2.0%)
Hz_Sweep_1200RPM,triskelion_3lobe,Triskelion 3-Lobe Hexagram,750.0,1200.0,CW,32.0922,34.275,0.8451,34.250,17.425,2.4651,0.9990,2.50,1.0736,PASS (< 2.0%)
Hz_Sweep_1200RPM,triskelion_3lobe,Triskelion 3-Lobe Hexagram,1000.0,1200.0,CW,35.5245,34.275,1.1268,34.250,17.425,2.4651,0.9990,2.50,1.2236,PASS (< 2.0%)
Hz_Sweep_1200RPM,triskelion_3lobe,Triskelion 3-Lobe Hexagram,25.0,1200.0,CCW,9.2953,34.249,0.0280,34.250,-17.425,1.8581,-0.9176,2.71,0.6386,PASS (< 2.0%)
Hz_Sweep_1200RPM,triskelion_3lobe,Triskelion 3-Lobe Hexagram,50.0,1200.0,CCW,12.3420,34.249,0.0560,34.250,-17.425,1.8581,-0.9252,2.69,0.6536,PASS (< 2.0%)
Hz_Sweep_1200RPM,triskelion_3lobe,Triskelion 3-Lobe Hexagram,60.0,1200.0,CCW,13.3437,34.249,0.0672,34.250,-17.425,1.8581,-0.9282,2.68,0.6596,PASS (< 2.0%)
Hz_Sweep_1200RPM,triskelion_3lobe,Triskelion 3-Lobe Hexagram,80.0,1200.0,CCW,15.1442,34.249,0.0896,34.250,-17.425,1.8581,-0.9343,2.66,0.6716,PASS (< 2.0%)
Hz_Sweep_1200RPM,triskelion_3lobe,Triskelion 3-Lobe Hexagram,100.0,1200.0,CCW,16.7107,34.249,0.1120,34.250,-17.425,1.8581,-0.9403,2.65,0.6836,PASS (< 2.0%)
Hz_Sweep_1200RPM,triskelion_3lobe,Triskelion 3-Lobe Hexagram,120.0,1200.0,CCW,18.0045,34.249,0.1344,34.250,-17.425,1.8581,-0.9464,2.63,0.6956,PASS (< 2.0%)
Hz_Sweep_1200RPM,triskelion_3lobe,Triskelion 3-Lobe Hexagram,150.0,1200.0,CCW,19.3729,34.249,0.1680,34.250,-17.425,1.8581,-0.9555,2.61,0.7136,PASS (< 2.0%)
Hz_Sweep_1200RPM,triskelion_3lobe,Triskelion 3-Lobe Hexagram,200.0,1200.0,CCW,20.7116,34.249,0.2240,34.250,-17.425,1.8581,-0.9707,2.57,0.7436,PASS (< 2.0%)
Hz_Sweep_1200RPM,triskelion_3lobe,Triskelion 3-Lobe Hexagram,300.0,1200.0,CCW,22.7844,34.249,0.3360,34.250,-17.425,1.8581,-0.9990,2.50,0.8036,PASS (< 2.0%)
Hz_Sweep_1200RPM,triskelion_3lobe,Triskelion 3-Lobe Hexagram,500.0,1200.0,CCW,26.5525,34.249,0.5600,34.250,-17.425,1.8581,-0.9990,2.50,0.9236,PASS (< 2.0%)
Hz_Sweep_1200RPM,triskelion_3lobe,Triskelion 3-Lobe Hexagram,750.0,1200.0,CCW,30.4553,34.249,0.8400,34.250,-17.425,1.8581,-0.9990,2.50,1.0736,PASS (< 2.0%)
Hz_Sweep_1200RPM,triskelion_3lobe,Triskelion 3-Lobe Hexagram,1000.0,1200.0,CCW,33.7161,34.249,1.1201,34.250,-17.425,1.8581,-0.9990,2.50,1.2236,PASS (< 2.0%)
RPM_Sweep_100Hz,triskelion_3lobe,Triskelion 3-Lobe Hexagram,100.0,0.0,CW,17.5725,34.275,0.1127,0.000,0.000,2.1616,0.9400,2.65,0.5036,PASS (< 2.0%)
RPM_Sweep_100Hz,triskelion_3lobe,Triskelion 3-Lobe Hexagram,100.0,60.0,CW,17.5750,34.275,0.1127,1.713,0.871,2.1768,0.9416,2.65,0.5126,PASS (< 2.0%)
RPM_Sweep_100Hz,triskelion_3lobe,Triskelion 3-Lobe Hexagram,100.0,120.0,CW,17.5776,34.275,0.1127,3.425,1.742,2.1919,0.9431,2.64,0.5216,PASS (< 2.0%)
RPM_Sweep_100Hz,triskelion_3lobe,Triskelion 3-Lobe Hexagram,100.0,300.0,CW,17.5854,34.275,0.1127,8.563,4.356,2.2375,0.9478,2.63,0.5486,PASS (< 2.0%)
RPM_Sweep_100Hz,triskelion_3lobe,Triskelion 3-Lobe Hexagram,100.0,600.0,CW,17.5983,34.275,0.1127,17.125,8.712,2.3133,0.9557,2.61,0.5936,PASS (< 2.0%)
RPM_Sweep_100Hz,triskelion_3lobe,Triskelion 3-Lobe Hexagram,100.0,900.0,CW,17.6112,34.275,0.1127,25.688,13.068,2.3892,0.9635,2.59,0.6386,PASS (< 2.0%)
RPM_Sweep_100Hz,triskelion_3lobe,Triskelion 3-Lobe Hexagram,100.0,1200.0,CW,17.6241,34.275,0.1127,34.250,17.425,2.4651,0.9713,2.57,0.6836,PASS (< 2.0%)
RPM_Sweep_100Hz,triskelion_3lobe,Triskelion 3-Lobe Hexagram,100.0,1500.0,CW,17.6370,34.275,0.1127,42.813,21.781,2.5410,0.9792,2.55,0.7286,PASS (< 2.0%)
RPM_Sweep_100Hz,triskelion_3lobe,Triskelion 3-Lobe Hexagram,100.0,1800.0,CW,17.6500,34.275,0.1127,51.375,26.137,2.6168,0.9870,2.53,0.7736,PASS (< 2.0%)
RPM_Sweep_100Hz,triskelion_3lobe,Triskelion 3-Lobe Hexagram,100.0,2400.0,CW,17.6758,34.275,0.1127,68.501,34.849,2.7686,0.9990,2.50,0.8636,PASS (< 2.0%)
RPM_Sweep_100Hz,triskelion_3lobe,Triskelion 3-Lobe Hexagram,100.0,0.0,CCW,16.6938,34.249,0.1120,0.000,-0.000,2.1616,-0.9100,2.73,0.5036,PASS (< 2.0%)
RPM_Sweep_100Hz,triskelion_3lobe,Triskelion 3-Lobe Hexagram,100.0,60.0,CCW,16.6947,34.249,0.1120,1.713,-0.871,2.1464,-0.9115,2.72,0.5126,PASS (< 2.0%)
RPM_Sweep_100Hz,triskelion_3lobe,Triskelion 3-Lobe Hexagram,100.0,120.0,CCW,16.6955,34.249,0.1120,3.425,-1.742,2.1313,-0.9130,2.72,0.5216,PASS (< 2.0%)
RPM_Sweep_100Hz,triskelion_3lobe,Triskelion 3-Lobe Hexagram,100.0,300.0,CCW,16.6980,34.249,0.1120,8.563,-4.356,2.0857,-0.9176,2.71,0.5486,PASS (< 2.0%)
RPM_Sweep_100Hz,triskelion_3lobe,Triskelion 3-Lobe Hexagram,100.0,600.0,CCW,16.7022,34.249,0.1120,17.125,-8.712,2.0099,-0.9252,2.69,0.5936,PASS (< 2.0%)
RPM_Sweep_100Hz,triskelion_3lobe,Triskelion 3-Lobe Hexagram,100.0,900.0,CCW,16.7065,34.249,0.1120,25.688,-13.068,1.9340,-0.9327,2.67,0.6386,PASS (< 2.0%)
RPM_Sweep_100Hz,triskelion_3lobe,Triskelion 3-Lobe Hexagram,100.0,1200.0,CCW,16.7107,34.249,0.1120,34.250,-17.425,1.8581,-0.9403,2.65,0.6836,PASS (< 2.0%)
RPM_Sweep_100Hz,triskelion_3lobe,Triskelion 3-Lobe Hexagram,100.0,1500.0,CCW,16.7149,34.249,0.1120,42.813,-21.781,1.7822,-0.9479,2.63,0.7286,PASS (< 2.0%)
RPM_Sweep_100Hz,triskelion_3lobe,Triskelion 3-Lobe Hexagram,100.0,1800.0,CCW,16.7191,34.249,0.1120,51.375,-26.137,1.7064,-0.9555,2.61,0.7736,PASS (< 2.0%)
RPM_Sweep_100Hz,triskelion_3lobe,Triskelion 3-Lobe Hexagram,100.0,2400.0,CCW,16.7275,34.249,0.1120,68.501,-34.849,1.5546,-0.9707,2.57,0.8636,PASS (< 2.0%)
Hz_Sweep_1200RPM,single_rotor_baseline,Single Rotor Baseline (Z-axis),25.0,1200.0,CW,8.5909,34.275,0.0282,28.661,0.000,1.6081,0.7000,7.78,0.5450,PASS (< 2.0%)
Hz_Sweep_1200RPM,single_rotor_baseline,Single Rotor Baseline (Z-axis),50.0,1200.0,CW,11.1711,34.275,0.0563,28.661,0.000,1.6081,0.7000,7.78,0.5600,PASS (< 2.0%)
Hz_Sweep_1200RPM,single_rotor_baseline,Single Rotor Baseline (Z-axis),60.0,1200.0,CW,11.9705,34.275,0.0676,28.661,0.000,1.6081,0.7000,7.78,0.5660,PASS (< 2.0%)
Hz_Sweep_1200RPM,single_rotor_baseline,Single Rotor Baseline (Z-axis),80.0,1200.0,CW,13.3500,34.275,0.0901,28.661,0.000,1.6081,0.7000,7.78,0.5780,PASS (< 2.0%)
Hz_Sweep_1200RPM,single_rotor_baseline,Single Rotor Baseline (Z-axis),100.0,1200.0,CW,14.5289,34.275,0.1127,28.661,0.000,1.6081,0.7000,7.78,0.5900,PASS (< 2.0%)
Hz_Sweep_1200RPM,single_rotor_baseline,Single Rotor Baseline (Z-axis),120.0,1200.0,CW,15.5691,34.275,0.1352,28.661,0.000,1.6081,0.7000,7.78,0.6020,PASS (< 2.0%)
Hz_Sweep_1200RPM,single_rotor_baseline,Single Rotor Baseline (Z-axis),150.0,1200.0,CW,16.9444,34.275,0.1690,28.661,0.000,1.6081,0.7000,7.78,0.6200,PASS (< 2.0%)
Hz_Sweep_1200RPM,single_rotor_baseline,Single Rotor Baseline (Z-axis),200.0,1200.0,CW,18.8985,34.275,0.2254,28.661,0.000,1.6081,0.7000,7.78,0.6500,PASS (< 2.0%)
Hz_Sweep_1200RPM,single_rotor_baseline,Single Rotor Baseline (Z-axis),300.0,1200.0,CW,22.0420,34.275,0.3380,28.661,0.000,1.6081,0.7000,7.78,0.7100,PASS (< 2.0%)
Hz_Sweep_1200RPM,single_rotor_baseline,Single Rotor Baseline (Z-axis),500.0,1200.0,CW,26.7583,34.275,0.5634,28.661,0.000,1.6081,0.7000,7.78,0.8300,PASS (< 2.0%)
Hz_Sweep_1200RPM,single_rotor_baseline,Single Rotor Baseline (Z-axis),750.0,1200.0,CW,31.2113,34.275,0.8451,28.661,0.000,1.6081,0.7000,7.78,0.9800,PASS (< 2.0%)
Hz_Sweep_1200RPM,single_rotor_baseline,Single Rotor Baseline (Z-axis),1000.0,1200.0,CW,34.8138,34.275,1.1268,28.661,0.000,1.6081,0.7000,7.78,1.1300,PASS (< 2.0%)
Hz_Sweep_1200RPM,single_rotor_baseline,Single Rotor Baseline (Z-axis),25.0,1200.0,CCW,8.5909,34.275,0.0282,28.661,-0.000,1.5512,-0.7000,7.78,0.5450,PASS (< 2.0%)
Hz_Sweep_1200RPM,single_rotor_baseline,Single Rotor Baseline (Z-axis),50.0,1200.0,CCW,11.1711,34.275,0.0563,28.661,-0.000,1.5512,-0.7000,7.78,0.5600,PASS (< 2.0%)
Hz_Sweep_1200RPM,single_rotor_baseline,Single Rotor Baseline (Z-axis),60.0,1200.0,CCW,11.9705,34.275,0.0676,28.661,-0.000,1.5512,-0.7000,7.78,0.5660,PASS (< 2.0%)
Hz_Sweep_1200RPM,single_rotor_baseline,Single Rotor Baseline (Z-axis),80.0,1200.0,CCW,13.3500,34.275,0.0901,28.661,-0.000,1.5512,-0.7000,7.78,0.5780,PASS (< 2.0%)
Hz_Sweep_1200RPM,single_rotor_baseline,Single Rotor Baseline (Z-axis),100.0,1200.0,CCW,14.5289,34.275,0.1127,28.661,-0.000,1.5512,-0.7000,7.78,0.5900,PASS (< 2.0%)
Hz_Sweep_1200RPM,single_rotor_baseline,Single Rotor Baseline (Z-axis),120.0,1200.0,CCW,15.5691,34.275,0.1352,28.661,-0.000,1.5512,-0.7000,7.78,0.6020,PASS (< 2.0%)
Hz_Sweep_1200RPM,single_rotor_baseline,Single Rotor Baseline (Z-axis),150.0,1200.0,CCW,16.9444,34.275,0.1690,28.661,-0.000,1.5512,-0.7000,7.78,0.6200,PASS (< 2.0%)
Hz_Sweep_1200RPM,single_rotor_baseline,Single Rotor Baseline (Z-axis),200.0,1200.0,CCW,18.8985,34.275,0.2254,28.661,-0.000,1.5512,-0.7000,7.78,0.6500,PASS (< 2.0%)
Hz_Sweep_1200RPM,single_rotor_baseline,Single Rotor Baseline (Z-axis),300.0,1200.0,CCW,22.0420,34.275,0.3380,28.661,-0.000,1.5512,-0.7000,7.78,0.7100,PASS (< 2.0%)
Hz_Sweep_1200RPM,single_rotor_baseline,Single Rotor Baseline (Z-axis),500.0,1200.0,CCW,26.7583,34.275,0.5634,28.661,-0.000,1.5512,-0.7000,7.78,0.8300,PASS (< 2.0%)
Hz_Sweep_1200RPM,single_rotor_baseline,Single Rotor Baseline (Z-axis),750.0,1200.0,CCW,31.2113,34.275,0.8451,28.661,-0.000,1.5512,-0.7000,7.78,0.9800,PASS (< 2.0%)
Hz_Sweep_1200RPM,single_rotor_baseline,Single Rotor Baseline (Z-axis),1000.0,1200.0,CCW,34.8138,34.275,1.1268,28.661,-0.000,1.5512,-0.7000,7.78,1.1300,PASS (< 2.0%)
RPM_Sweep_100Hz,single_rotor_baseline,Single Rotor Baseline (Z-axis),100.0,0.0,CW,14.5002,34.275,0.1127,0.000,0.000,1.5796,0.7000,7.78,0.4100,PASS (< 2.0%)
RPM_Sweep_100Hz,single_rotor_baseline,Single Rotor Baseline (Z-axis),100.0,60.0,CW,14.5016,34.275,0.1127,1.433,0.000,1.5811,0.7000,7.78,0.4190,PASS (< 2.0%)
RPM_Sweep_100Hz,single_rotor_baseline,Single Rotor Baseline (Z-axis),100.0,120.0,CW,14.5031,34.275,0.1127,2.866,0.000,1.5825,0.7000,7.78,0.4280,PASS (< 2.0%)
RPM_Sweep_100Hz,single_rotor_baseline,Single Rotor Baseline (Z-axis),100.0,300.0,CW,14.5074,34.275,0.1127,7.165,0.000,1.5867,0.7000,7.78,0.4550,PASS (< 2.0%)
RPM_Sweep_100Hz,single_rotor_baseline,Single Rotor Baseline (Z-axis),100.0,600.0,CW,14.5145,34.275,0.1127,14.331,0.000,1.5938,0.7000,7.78,0.5000,PASS (< 2.0%)
RPM_Sweep_100Hz,single_rotor_baseline,Single Rotor Baseline (Z-axis),100.0,900.0,CW,14.5217,34.275,0.1127,21.496,0.000,1.6010,0.7000,7.78,0.5450,PASS (< 2.0%)
RPM_Sweep_100Hz,single_rotor_baseline,Single Rotor Baseline (Z-axis),100.0,1200.0,CW,14.5289,34.275,0.1127,28.661,0.000,1.6081,0.7000,7.78,0.5900,PASS (< 2.0%)
RPM_Sweep_100Hz,single_rotor_baseline,Single Rotor Baseline (Z-axis),100.0,1500.0,CW,14.5360,34.275,0.1127,35.827,0.000,1.6152,0.7000,7.78,0.6350,PASS (< 2.0%)
RPM_Sweep_100Hz,single_rotor_baseline,Single Rotor Baseline (Z-axis),100.0,1800.0,CW,14.5432,34.275,0.1127,42.992,0.000,1.6223,0.7000,7.78,0.6800,PASS (< 2.0%)
RPM_Sweep_100Hz,single_rotor_baseline,Single Rotor Baseline (Z-axis),100.0,2400.0,CW,14.5575,34.275,0.1127,57.323,0.000,1.6365,0.7000,7.78,0.7700,PASS (< 2.0%)
RPM_Sweep_100Hz,single_rotor_baseline,Single Rotor Baseline (Z-axis),100.0,0.0,CCW,14.5002,34.275,0.1127,0.000,-0.000,1.5796,-0.7000,7.78,0.4100,PASS (< 2.0%)
RPM_Sweep_100Hz,single_rotor_baseline,Single Rotor Baseline (Z-axis),100.0,60.0,CCW,14.5016,34.275,0.1127,1.433,-0.000,1.5782,-0.7000,7.78,0.4190,PASS (< 2.0%)
RPM_Sweep_100Hz,single_rotor_baseline,Single Rotor Baseline (Z-axis),100.0,120.0,CCW,14.5031,34.275,0.1127,2.866,-0.000,1.5768,-0.7000,7.78,0.4280,PASS (< 2.0%)
RPM_Sweep_100Hz,single_rotor_baseline,Single Rotor Baseline (Z-axis),100.0,300.0,CCW,14.5074,34.275,0.1127,7.165,-0.000,1.5725,-0.7000,7.78,0.4550,PASS (< 2.0%)
RPM_Sweep_100Hz,single_rotor_baseline,Single Rotor Baseline (Z-axis),100.0,600.0,CCW,14.5145,34.275,0.1127,14.331,-0.000,1.5654,-0.7000,7.78,0.5000,PASS (< 2.0%)
RPM_Sweep_100Hz,single_rotor_baseline,Single Rotor Baseline (Z-axis),100.0,900.0,CCW,14.5217,34.275,0.1127,21.496,-0.000,1.5583,-0.7000,7.78,0.5450,PASS (< 2.0%)
RPM_Sweep_100Hz,single_rotor_baseline,Single Rotor Baseline (Z-axis),100.0,1200.0,CCW,14.5289,34.275,0.1127,28.661,-0.000,1.5512,-0.7000,7.78,0.5900,PASS (< 2.0%)
RPM_Sweep_100Hz,single_rotor_baseline,Single Rotor Baseline (Z-axis),100.0,1500.0,CCW,14.5360,34.275,0.1127,35.827,-0.000,1.5441,-0.7000,7.78,0.6350,PASS (< 2.0%)
RPM_Sweep_100Hz,single_rotor_baseline,Single Rotor Baseline (Z-axis),100.0,1800.0,CCW,14.5432,34.275,0.1127,42.992,-0.000,1.5370,-0.7000,7.78,0.6800,PASS (< 2.0%)
RPM_Sweep_100Hz,single_rotor_baseline,Single Rotor Baseline (Z-axis),100.0,2400.0,CCW,14.5575,34.275,0.1127,57.323,-0.000,1.5228,-0.7000,7.78,0.7700,PASS (< 2.0%)
