note_name,note_it,midi_note,freq_hz,multiplier,direction,skin_depth_mm,b_gap_mt,b_peak_mt,s3,circular_purity_pct,axial_ratio_db,ieee_pass,f_mag_uN,f_burst_uN,tau_oam_uNm,tau_drive_mNm,p_mesh_W,p_coils_W,p_peek_W,gauss_residual_pct,dominant_harmonic
C3,Do3,48,130.81,1,CW,7.78,12.0,17.4,0.96,98.01,16.93,False,24.43,45.19,1.687,1.268,2.2,16.3,0.0,1.117,2
C3,Do3,48,130.81,1,CCW,7.78,12.0,17.4,-0.96,98.01,16.93,False,25.15,46.53,-1.799,-1.311,2.26,16.24,0.0,1.117,2
C3,Do3,48,130.81,2,CW,7.78,12.0,17.4,0.96,98.01,16.93,False,24.43,45.19,1.687,1.268,2.2,16.3,0.0,1.12,4
C3,Do3,48,130.81,2,CCW,7.78,12.0,17.4,-0.96,98.01,16.93,False,25.15,46.53,-1.799,-1.311,2.26,16.24,0.0,1.12,4
C3,Do3,48,130.81,3,CW,7.78,12.89,18.7,0.467,73.35,4.4,False,36.57,67.65,0.319,1.686,2.13,16.37,0.0,1.123,3
C3,Do3,48,130.81,3,CCW,7.78,12.89,18.7,-0.467,73.35,4.4,False,39.57,73.2,-0.859,-1.994,2.33,16.17,0.0,1.123,3
C3,Do3,48,130.81,4,CW,7.78,12.0,17.4,0.96,98.01,16.93,False,24.43,45.19,1.687,1.268,2.2,16.3,0.0,1.126,8
C3,Do3,48,130.81,4,CCW,7.78,12.0,17.4,-0.96,98.01,16.93,False,25.15,46.53,-1.799,-1.311,2.26,16.24,0.0,1.126,8
C3,Do3,48,130.81,5,CW,7.78,12.0,17.4,0.96,98.01,16.93,False,24.43,45.19,1.687,1.268,2.2,16.3,0.0,1.128,8
C3,Do3,48,130.81,5,CCW,7.78,12.0,17.4,-0.96,98.01,16.93,False,25.15,46.53,-1.799,-1.311,2.26,16.24,0.0,1.128,8
C3,Do3,48,130.81,6,CW,7.78,12.89,18.7,0.467,73.35,4.4,False,36.57,67.65,0.319,1.686,2.13,16.37,0.0,1.131,3
C3,Do3,48,130.81,6,CCW,7.78,12.89,18.7,-0.467,73.35,4.4,False,39.57,73.2,-0.859,-1.994,2.33,16.17,0.0,1.131,3
C3,Do3,48,130.81,7,CW,7.78,12.0,17.4,0.96,98.01,16.93,False,24.43,45.19,1.687,1.268,2.2,16.3,0.0,1.134,4
C3,Do3,48,130.81,7,CCW,7.78,12.0,17.4,-0.96,98.01,16.93,False,25.15,46.53,-1.799,-1.311,2.26,16.24,0.0,1.134,4
C3,Do3,48,130.81,8,CW,7.78,12.0,17.4,0.96,98.01,16.93,False,24.43,45.19,1.687,1.268,2.2,16.3,0.0,1.137,2
C3,Do3,48,130.81,8,CCW,7.78,12.0,17.4,-0.96,98.01,16.93,False,25.15,46.53,-1.799,-1.311,2.26,16.24,0.0,1.137,2
C3,Do3,48,130.81,9,CW,7.78,18.15,26.32,0.36,68.0,3.27,False,86.81,160.6,0.419,4.014,2.58,15.92,0.0,1.139,0
C3,Do3,48,130.81,9,CCW,7.78,18.15,26.32,-0.36,68.0,3.27,False,97.8,180.93,-0.733,-3.283,3.01,15.49,0.0,1.139,0
C#3,Do#3,49,138.59,1,CW,7.56,12.01,17.41,0.964,98.19,17.33,False,24.76,45.81,1.731,1.291,2.27,16.23,0.0,1.119,2
C#3,Do#3,49,138.59,1,CCW,7.56,12.01,17.41,-0.964,98.19,17.33,False,25.48,47.14,-1.821,-1.32,2.34,16.16,0.0,1.119,2
C#3,Do#3,49,138.59,2,CW,7.56,12.01,17.41,0.964,98.19,17.33,False,24.76,45.81,1.731,1.291,2.27,16.23,0.0,1.122,4
C#3,Do#3,49,138.59,2,CCW,7.56,12.01,17.41,-0.964,98.19,17.33,False,25.48,47.14,-1.821,-1.32,2.34,16.16,0.0,1.122,4
C#3,Do#3,49,138.59,3,CW,7.56,12.9,18.71,0.469,73.46,4.42,False,37.06,68.55,0.354,1.76,2.2,16.3,0.0,1.125,3
C#3,Do#3,49,138.59,3,CCW,7.56,12.9,18.71,-0.469,73.46,4.42,False,40.06,74.1,-0.894,-1.987,2.4,16.1,0.0,1.125,3
C#3,Do#3,49,138.59,4,CW,7.56,12.01,17.41,0.964,98.19,17.33,False,24.76,45.81,1.731,1.291,2.27,16.23,0.0,1.128,8
C#3,Do#3,49,138.59,4,CCW,7.56,12.01,17.41,-0.964,98.19,17.33,False,25.48,47.14,-1.821,-1.32,2.34,16.16,0.0,1.128,8
C#3,Do#3,49,138.59,5,CW,7.56,12.01,17.41,0.964,98.19,17.33,False,24.76,45.81,1.731,1.291,2.27,16.23,0.0,1.13,8
C#3,Do#3,49,138.59,5,CCW,7.56,12.01,17.41,-0.964,98.19,17.33,False,25.48,47.14,-1.821,-1.32,2.34,16.16,0.0,1.13,8
C#3,Do#3,49,138.59,6,CW,7.56,12.9,18.71,0.469,73.46,4.42,False,37.06,68.55,0.354,1.76,2.2,16.3,0.0,1.133,3
C#3,Do#3,49,138.59,6,CCW,7.56,12.9,18.71,-0.469,73.46,4.42,False,40.06,74.1,-0.894,-1.987,2.4,16.1,0.0,1.133,3
C#3,Do#3,49,138.59,7,CW,7.56,12.01,17.41,0.964,98.19,17.33,False,24.76,45.81,1.731,1.291,2.27,16.23,0.0,1.136,4
C#3,Do#3,49,138.59,7,CCW,7.56,12.01,17.41,-0.964,98.19,17.33,False,25.48,47.14,-1.821,-1.32,2.34,16.16,0.0,1.136,4
C#3,Do#3,49,138.59,8,CW,7.56,12.01,17.41,0.964,98.19,17.33,False,24.76,45.81,1.731,1.291,2.27,16.23,0.0,1.139,2
C#3,Do#3,49,138.59,8,CCW,7.56,12.01,17.41,-0.964,98.19,17.33,False,25.48,47.14,-1.821,-1.32,2.34,16.16,0.0,1.139,2
C#3,Do#3,49,138.59,9,CW,7.56,18.16,26.34,0.36,68.0,3.27,False,87.11,161.15,0.41,4.041,2.64,15.86,0.0,1.141,0
C#3,Do#3,49,138.59,9,CCW,7.56,18.16,26.34,-0.36,68.0,3.27,False,98.75,182.69,-0.742,-3.266,3.1,15.4,0.0,1.141,0
D3,Re3,50,146.83,1,CW,7.34,11.97,17.35,0.965,98.25,17.49,False,24.98,46.22,1.763,1.306,2.34,16.16,0.0,1.121,2
D3,Re3,50,146.83,1,CCW,7.34,11.97,17.35,-0.965,98.25,17.49,False,25.7,47.55,-1.833,-1.322,2.41,16.09,0.0,1.121,2
D3,Re3,50,146.83,2,CW,7.34,11.97,17.35,0.965,98.25,17.49,False,24.98,46.22,1.763,1.306,2.34,16.16,0.0,1.124,4
D3,Re3,50,146.83,2,CCW,7.34,11.97,17.35,-0.965,98.25,17.49,False,25.7,47.55,-1.833,-1.322,2.41,16.09,0.0,1.124,4
D3,Re3,50,146.83,3,CW,7.34,12.86,18.64,0.47,73.5,4.43,False,37.37,69.14,0.391,1.824,2.28,16.22,0.0,1.127,3
D3,Re3,50,146.83,3,CCW,7.34,12.86,18.64,-0.47,73.5,4.43,False,40.37,74.69,-0.931,-1.977,2.48,16.02,0.0,1.127,3
D3,Re3,50,146.83,4,CW,7.34,11.97,17.35,0.965,98.25,17.49,False,24.98,46.22,1.763,1.306,2.34,16.16,0.0,1.13,8
D3,Re3,50,146.83,4,CCW,7.34,11.97,17.35,-0.965,98.25,17.49,False,25.7,47.55,-1.833,-1.322,2.41,16.09,0.0,1.13,8
D3,Re3,50,146.83,5,CW,7.34,11.97,17.35,0.965,98.25,17.49,False,24.98,46.22,1.763,1.306,2.34,16.16,0.0,1.133,8
D3,Re3,50,146.83,5,CCW,7.34,11.97,17.35,-0.965,98.25,17.49,False,25.7,47.55,-1.833,-1.322,2.41,16.09,0.0,1.133,8
D3,Re3,50,146.83,6,CW,7.34,12.86,18.64,0.47,73.5,4.43,False,37.37,69.14,0.391,1.824,2.28,16.22,0.0,1.135,3
D3,Re3,50,146.83,6,CCW,7.34,12.86,18.64,-0.47,73.5,4.43,False,40.37,74.69,-0.931,-1.977,2.48,16.02,0.0,1.135,3
D3,Re3,50,146.83,7,CW,7.34,11.97,17.35,0.965,98.25,17.49,False,24.98,46.22,1.763,1.306,2.34,16.16,0.0,1.138,4
D3,Re3,50,146.83,7,CCW,7.34,11.97,17.35,-0.965,98.25,17.49,False,25.7,47.55,-1.833,-1.322,2.41,16.09,0.0,1.138,4
D3,Re3,50,146.83,8,CW,7.34,11.97,17.35,0.965,98.25,17.49,False,24.98,46.22,1.763,1.306,2.34,16.16,0.0,1.141,2
D3,Re3,50,146.83,8,CCW,7.34,11.97,17.35,-0.965,98.25,17.49,False,25.7,47.55,-1.833,-1.322,2.41,16.09,0.0,1.141,2
D3,Re3,50,146.83,9,CW,7.34,18.1,26.24,0.36,68.0,3.27,False,86.99,160.94,0.4,4.07,2.69,15.81,0.0,1.144,0
D3,Re3,50,146.83,9,CCW,7.34,18.1,26.24,-0.36,68.0,3.27,False,99.33,183.75,-0.752,-3.248,3.19,15.31,0.0,1.144,0
D#3,Re#3,51,155.56,1,CW,7.13,11.86,17.2,0.964,98.18,17.32,False,25.06,46.36,1.781,1.311,2.42,16.08,0.0,1.124,2
D#3,Re#3,51,155.56,1,CCW,7.13,11.86,17.2,-0.964,98.18,17.32,False,25.78,47.69,-1.833,-1.316,2.49,16.01,0.0,1.124,2
D#3,Re#3,51,155.56,2,CW,7.13,11.86,17.2,0.964,98.18,17.32,False,25.06,46.36,1.781,1.311,2.42,16.08,0.0,1.127,4
D#3,Re#3,51,155.56,2,CCW,7.13,11.86,17.2,-0.964,98.18,17.32,False,25.78,47.69,-1.833,-1.316,2.49,16.01,0.0,1.127,4
D#3,Re#3,51,155.56,3,CW,7.13,12.75,18.48,0.469,73.46,4.42,False,37.47,69.31,0.43,1.877,2.35,16.15,0.0,1.129,3
D#3,Re#3,51,155.56,3,CCW,7.13,12.75,18.48,-0.469,73.46,4.42,False,40.47,74.86,-0.97,-1.967,2.56,15.94,0.0,1.129,3
D#3,Re#3,51,155.56,4,CW,7.13,11.86,17.2,0.964,98.18,17.32,False,25.06,46.36,1.781,1.311,2.42,16.08,0.0,1.132,8
D#3,Re#3,51,155.56,4,CCW,7.13,11.86,17.2,-0.964,98.18,17.32,False,25.78,47.69,-1.833,-1.316,2.49,16.01,0.0,1.132,8
D#3,Re#3,51,155.56,5,CW,7.13,11.86,17.2,0.964,98.18,17.32,False,25.06,46.36,1.781,1.311,2.42,16.08,0.0,1.135,8
D#3,Re#3,51,155.56,5,CCW,7.13,11.86,17.2,-0.964,98.18,17.32,False,25.78,47.69,-1.833,-1.316,2.49,16.01,0.0,1.135,8
D#3,Re#3,51,155.56,6,CW,7.13,12.75,18.48,0.469,73.46,4.42,False,37.47,69.31,0.43,1.877,2.35,16.15,0.0,1.138,3
D#3,Re#3,51,155.56,6,CCW,7.13,12.75,18.48,-0.469,73.46,4.42,False,40.47,74.86,-0.97,-1.967,2.56,15.94,0.0,1.138,3
D#3,Re#3,51,155.56,7,CW,7.13,11.86,17.2,0.964,98.18,17.32,False,25.06,46.36,1.781,1.311,2.42,16.08,0.0,1.14,4
D#3,Re#3,51,155.56,7,CCW,7.13,11.86,17.2,-0.964,98.18,17.32,False,25.78,47.69,-1.833,-1.316,2.49,16.01,0.0,1.14,4
D#3,Re#3,51,155.56,8,CW,7.13,11.86,17.2,0.964,98.18,17.32,False,25.06,46.36,1.781,1.311,2.42,16.08,0.0,1.143,2
D#3,Re#3,51,155.56,8,CCW,7.13,11.86,17.2,-0.964,98.18,17.32,False,25.78,47.69,-1.833,-1.316,2.49,16.01,0.0,1.143,2
D#3,Re#3,51,155.56,9,CW,7.13,17.94,26.02,0.36,68.0,3.27,False,86.37,159.78,0.389,4.101,2.75,15.75,0.0,1.146,0
D#3,Re#3,51,155.56,9,CCW,7.13,17.94,26.02,-0.36,68.0,3.27,False,99.43,183.95,-0.763,-3.23,3.29,15.21,0.0,1.146,0
E3,Mi3,52,164.81,1,CW,6.93,11.7,16.96,0.959,97.96,16.8,False,24.98,46.2,1.785,1.306,2.5,16.0,0.0,1.126,2
E3,Mi3,52,164.81,1,CCW,6.93,11.7,16.96,-0.959,97.96,16.8,False,25.7,47.54,-1.82,-1.302,2.57,15.93,0.0,1.126,2
E3,Mi3,52,164.81,2,CW,6.93,11.7,16.96,0.959,97.96,16.8,False,24.98,46.2,1.785,1.306,2.5,16.0,0.0,1.129,4
E3,Mi3,52,164.81,2,CCW,6.93,11.7,16.96,-0.959,97.96,16.8,False,25.7,47.54,-1.82,-1.302,2.57,15.93,0.0,1.129,4
E3,Mi3,52,164.81,3,CW,6.93,12.57,18.22,0.466,73.32,4.39,False,37.32,69.04,0.472,1.921,2.43,16.07,0.0,1.132,3
E3,Mi3,52,164.81,3,CCW,6.93,12.57,18.22,-0.466,73.32,4.39,False,40.32,74.59,-1.012,-1.955,2.64,15.86,0.0,1.132,3
E3,Mi3,52,164.81,4,CW,6.93,11.7,16.96,0.959,97.96,16.8,False,24.98,46.2,1.785,1.306,2.5,16.0,0.0,1.134,8
E3,Mi3,52,164.81,4,CCW,6.93,11.7,16.96,-0.959,97.96,16.8,False,25.7,47.54,-1.82,-1.302,2.57,15.93,0.0,1.134,8
E3,Mi3,52,164.81,5,CW,6.93,11.7,16.96,0.959,97.96,16.8,False,24.98,46.2,1.785,1.306,2.5,16.0,0.0,1.137,8
E3,Mi3,52,164.81,5,CCW,6.93,11.7,16.96,-0.959,97.96,16.8,False,25.7,47.54,-1.82,-1.302,2.57,15.93,0.0,1.137,8
E3,Mi3,52,164.81,6,CW,6.93,12.57,18.22,0.466,73.32,4.39,False,37.32,69.04,0.472,1.921,2.43,16.07,0.0,1.14,3
E3,Mi3,52,164.81,6,CCW,6.93,12.57,18.22,-0.466,73.32,4.39,False,40.32,74.59,-1.012,-1.955,2.64,15.86,0.0,1.14,3
E3,Mi3,52,164.81,7,CW,6.93,11.7,16.96,0.959,97.96,16.8,False,24.98,46.2,1.785,1.306,2.5,16.0,0.0,1.143,4
E3,Mi3,52,164.81,7,CCW,6.93,11.7,16.96,-0.959,97.96,16.8,False,25.7,47.54,-1.82,-1.302,2.57,15.93,0.0,1.143,4
E3,Mi3,52,164.81,8,CW,6.93,11.7,16.96,0.959,97.96,16.8,False,24.98,46.2,1.785,1.306,2.5,16.0,0.0,1.146,2
E3,Mi3,52,164.81,8,CCW,6.93,11.7,16.96,-0.959,97.96,16.8,False,25.7,47.54,-1.82,-1.302,2.57,15.93,0.0,1.146,2
E3,Mi3,52,164.81,9,CW,6.93,17.69,25.65,0.36,68.0,3.27,False,85.17,157.56,0.378,4.134,2.81,15.69,0.0,1.148,0
E3,Mi3,52,164.81,9,CCW,6.93,17.69,25.65,-0.36,68.0,3.27,False,99.01,183.18,-0.774,-3.21,3.4,15.1,0.0,1.148,0
F3,Fa3,53,174.61,1,CW,6.73,11.47,16.63,0.952,97.58,16.06,False,24.73,45.75,1.774,1.292,2.58,15.92,0.0,1.129,2
F3,Fa3,53,174.61,1,CCW,6.73,11.47,16.63,-0.952,97.58,16.06,False,25.45,47.09,-1.793,-1.279,2.66,15.84,0.0,1.129,2
F3,Fa3,53,174.61,2,CW,6.73,11.47,16.63,0.952,97.58,16.06,False,24.73,45.75,1.774,1.292,2.58,15.92,0.0,1.132,4
F3,Fa3,53,174.61,2,CCW,6.73,11.47,16.63,-0.952,97.58,16.06,False,25.45,47.09,-1.793,-1.279,2.66,15.84,0.0,1.132,4
F3,Fa3,53,174.61,3,CW,6.73,12.32,17.86,0.462,73.08,4.34,False,36.93,68.32,0.516,1.956,2.51,15.99,0.0,1.134,3
F3,Fa3,53,174.61,3,CCW,6.73,12.32,17.86,-0.462,73.08,4.34,False,39.93,73.87,-1.056,-1.941,2.73,15.77,0.0,1.134,3
F3,Fa3,53,174.61,4,CW,6.73,11.47,16.63,0.952,97.58,16.06,False,24.73,45.75,1.774,1.292,2.58,15.92,0.0,1.137,8
F3,Fa3,53,174.61,4,CCW,6.73,11.47,16.63,-0.952,97.58,16.06,False,25.45,47.09,-1.793,-1.279,2.66,15.84,0.0,1.137,8
F3,Fa3,53,174.61,5,CW,6.73,11.47,16.63,0.952,97.58,16.06,False,24.73,45.75,1.774,1.292,2.58,15.92,0.0,1.14,8
F3,Fa3,53,174.61,5,CCW,6.73,11.47,16.63,-0.952,97.58,16.06,False,25.45,47.09,-1.793,-1.279,2.66,15.84,0.0,1.14,8
F3,Fa3,53,174.61,6,CW,6.73,12.32,17.86,0.462,73.08,4.34,False,36.93,68.32,0.516,1.956,2.51,15.99,0.0,1.143,3
F3,Fa3,53,174.61,6,CCW,6.73,12.32,17.86,-0.462,73.08,4.34,False,39.93,73.87,-1.056,-1.941,2.73,15.77,0.0,1.143,3
F3,Fa3,53,174.61,7,CW,6.73,11.47,16.63,0.952,97.58,16.06,False,24.73,45.75,1.774,1.292,2.58,15.92,0.0,1.145,4
F3,Fa3,53,174.61,7,CCW,6.73,11.47,16.63,-0.952,97.58,16.06,False,25.45,47.09,-1.793,-1.279,2.66,15.84,0.0,1.145,4
F3,Fa3,53,174.61,8,CW,6.73,11.47,16.63,0.952,97.58,16.06,False,24.73,45.75,1.774,1.292,2.58,15.92,0.0,1.148,2
F3,Fa3,53,174.61,8,CCW,6.73,11.47,16.63,-0.952,97.58,16.06,False,25.45,47.09,-1.793,-1.279,2.66,15.84,0.0,1.148,2
F3,Fa3,53,174.61,9,CW,6.73,17.34,25.15,0.36,68.0,3.27,False,83.41,154.3,0.366,4.169,2.86,15.64,0.0,1.151,0
F3,Fa3,53,174.61,9,CCW,6.73,17.34,25.15,-0.36,68.0,3.27,False,98.07,181.43,-0.786,-3.19,3.51,14.99,0.0,1.151,0
F#3,Fa#3,54,185.0,1,CW,6.54,11.19,16.22,0.942,97.08,15.22,False,24.36,45.06,1.749,1.268,2.67,15.83,0.0,1.131,2
F#3,Fa#3,54,185.0,1,CCW,6.54,11.19,16.22,-0.942,97.08,15.22,False,25.08,46.39,-1.756,-1.249,2.75,15.75,0.0,1.131,2
F#3,Fa#3,54,185.0,2,CW,6.54,11.19,16.22,0.942,97.08,15.22,False,24.36,45.06,1.749,1.268,2.67,15.83,0.0,1.134,4
F#3,Fa#3,54,185.0,2,CCW,6.54,11.19,16.22,-0.942,97.08,15.22,False,25.08,46.39,-1.756,-1.249,2.75,15.75,0.0,1.134,4
F#3,Fa#3,54,185.0,3,CW,6.54,12.01,17.41,0.455,72.77,4.27,False,36.34,67.23,0.562,1.981,2.6,15.9,0.0,1.137,3
F#3,Fa#3,54,185.0,3,CCW,6.54,12.01,17.41,-0.455,72.77,4.27,False,39.34,72.78,-1.103,-1.926,2.82,15.68,0.0,1.137,3
F#3,Fa#3,54,185.0,4,CW,6.54,11.19,16.22,0.942,97.08,15.22,False,24.36,45.06,1.749,1.268,2.67,15.83,0.0,1.14,8
F#3,Fa#3,54,185.0,4,CCW,6.54,11.19,16.22,-0.942,97.08,15.22,False,25.08,46.39,-1.756,-1.249,2.75,15.75,0.0,1.14,8
F#3,Fa#3,54,185.0,5,CW,6.54,11.19,16.22,0.942,97.08,15.22,False,24.36,45.06,1.749,1.268,2.67,15.83,0.0,1.143,8
F#3,Fa#3,54,185.0,5,CCW,6.54,11.19,16.22,-0.942,97.08,15.22,False,25.08,46.39,-1.756,-1.249,2.75,15.75,0.0,1.143,8
F#3,Fa#3,54,185.0,6,CW,6.54,12.01,17.41,0.455,72.77,4.27,False,36.34,67.23,0.562,1.981,2.6,15.9,0.0,1.145,3
F#3,Fa#3,54,185.0,6,CCW,6.54,12.01,17.41,-0.455,72.77,4.27,False,39.34,72.78,-1.103,-1.926,2.82,15.68,0.0,1.145,3
F#3,Fa#3,54,185.0,7,CW,6.54,11.19,16.22,0.942,97.08,15.22,False,24.36,45.06,1.749,1.268,2.67,15.83,0.0,1.148,4
F#3,Fa#3,54,185.0,7,CCW,6.54,11.19,16.22,-0.942,97.08,15.22,False,25.08,46.39,-1.756,-1.249,2.75,15.75,0.0,1.148,4
F#3,Fa#3,54,185.0,8,CW,6.54,11.19,16.22,0.942,97.08,15.22,False,24.36,45.06,1.749,1.268,2.67,15.83,0.0,1.151,2
F#3,Fa#3,54,185.0,8,CCW,6.54,11.19,16.22,-0.942,97.08,15.22,False,25.08,46.39,-1.756,-1.249,2.75,15.75,0.0,1.151,2
F#3,Fa#3,54,185.0,9,CW,6.54,16.91,24.53,0.36,68.0,3.27,False,81.16,150.15,0.354,4.206,2.92,15.58,0.0,1.154,0
F#3,Fa#3,54,185.0,9,CCW,6.54,16.91,24.53,-0.36,68.0,3.27,False,96.7,178.9,-0.798,-3.17,3.62,14.88,0.0,1.154,0
G3,Sol3,55,196.0,1,CW,6.36,10.87,15.76,0.93,96.51,14.41,False,23.91,44.23,1.714,1.239,2.76,15.74,0.0,1.134,2
G3,Sol3,55,196.0,1,CCW,6.36,10.87,15.76,-0.93,96.51,14.41,False,24.63,45.56,-1.71,-1.215,2.84,15.66,0.0,1.134,2
G3,Sol3,55,196.0,2,CW,6.36,10.87,15.76,0.93,96.51,14.41,False,23.91,44.23,1.714,1.239,2.76,15.74,0.0,1.137,4
G3,Sol3,55,196.0,2,CCW,6.36,10.87,15.76,-0.93,96.51,14.41,False,24.63,45.56,-1.71,-1.215,2.84,15.66,0.0,1.137,4
G3,Sol3,55,196.0,3,CW,6.36,11.67,16.92,0.448,72.41,4.19,False,35.64,65.93,0.612,1.998,2.69,15.81,0.0,1.14,3
G3,Sol3,55,196.0,3,CCW,6.36,11.67,16.92,-0.448,72.41,4.19,False,38.64,71.48,-1.152,-1.909,2.92,15.58,0.0,1.14,3
G3,Sol3,55,196.0,4,CW,6.36,10.87,15.76,0.93,96.51,14.41,False,23.91,44.23,1.714,1.239,2.76,15.74,0.0,1.143,8
G3,Sol3,55,196.0,4,CCW,6.36,10.87,15.76,-0.93,96.51,14.41,False,24.63,45.56,-1.71,-1.215,2.84,15.66,0.0,1.143,8
G3,Sol3,55,196.0,5,CW,6.36,10.87,15.76,0.93,96.51,14.41,False,23.91,44.23,1.714,1.239,2.76,15.74,0.0,1.145,8
G3,Sol3,55,196.0,5,CCW,6.36,10.87,15.76,-0.93,96.51,14.41,False,24.63,45.56,-1.71,-1.215,2.84,15.66,0.0,1.145,8
G3,Sol3,55,196.0,6,CW,6.36,11.67,16.92,0.448,72.41,4.19,False,35.64,65.93,0.612,1.998,2.69,15.81,0.0,1.148,3
G3,Sol3,55,196.0,6,CCW,6.36,11.67,16.92,-0.448,72.41,4.19,False,38.64,71.48,-1.152,-1.909,2.92,15.58,0.0,1.148,3
G3,Sol3,55,196.0,7,CW,6.36,10.87,15.76,0.93,96.51,14.41,False,23.91,44.23,1.714,1.239,2.76,15.74,0.0,1.151,4
G3,Sol3,55,196.0,7,CCW,6.36,10.87,15.76,-0.93,96.51,14.41,False,24.63,45.56,-1.71,-1.215,2.84,15.66,0.0,1.151,4
G3,Sol3,55,196.0,8,CW,6.36,10.87,15.76,0.93,96.51,14.41,False,23.91,44.23,1.714,1.239,2.76,15.74,0.0,1.154,2
G3,Sol3,55,196.0,8,CCW,6.36,10.87,15.76,-0.93,96.51,14.41,False,24.63,45.56,-1.71,-1.215,2.84,15.66,0.0,1.154,2
G3,Sol3,55,196.0,9,CW,6.36,16.44,23.83,0.36,68.0,3.27,False,78.61,145.43,0.341,4.246,2.97,15.53,0.0,1.157,0
G3,Sol3,55,196.0,9,CCW,6.36,16.44,23.83,-0.36,68.0,3.27,False,95.07,175.89,-0.811,-3.148,3.73,14.77,0.0,1.157,0
G#3,Sol#3,56,207.65,1,CW,6.17,10.55,15.29,0.918,95.92,13.71,False,23.45,43.39,1.675,1.207,2.86,15.64,0.0,1.137,2
G#3,Sol#3,56,207.65,1,CCW,6.17,10.55,15.29,-0.918,95.92,13.71,False,24.17,44.72,-1.662,-1.179,2.94,15.56,0.0,1.137,2
G#3,Sol#3,56,207.65,2,CW,6.17,10.55,15.29,0.918,95.92,13.71,False,23.45,43.39,1.675,1.207,2.86,15.64,0.0,1.14,4
G#3,Sol#3,56,207.65,2,CCW,6.17,10.55,15.29,-0.918,95.92,13.71,False,24.17,44.72,-1.662,-1.179,2.94,15.56,0.0,1.14,4
G#3,Sol#3,56,207.65,3,CW,6.17,11.32,16.41,0.441,72.04,4.11,False,34.92,64.61,0.664,2.008,2.78,15.72,0.0,1.143,3
G#3,Sol#3,56,207.65,3,CCW,6.17,11.32,16.41,-0.441,72.04,4.11,False,37.92,70.16,-1.204,-1.891,3.02,15.48,0.0,1.143,3
G#3,Sol#3,56,207.65,4,CW,6.17,10.55,15.29,0.918,95.92,13.71,False,23.45,43.39,1.675,1.207,2.86,15.64,0.0,1.146,8
G#3,Sol#3,56,207.65,4,CCW,6.17,10.55,15.29,-0.918,95.92,13.71,False,24.17,44.72,-1.662,-1.179,2.94,15.56,0.0,1.146,8
G#3,Sol#3,56,207.65,5,CW,6.17,10.55,15.29,0.918,95.92,13.71,False,23.45,43.39,1.675,1.207,2.86,15.64,0.0,1.149,8
G#3,Sol#3,56,207.65,5,CCW,6.17,10.55,15.29,-0.918,95.92,13.71,False,24.17,44.72,-1.662,-1.179,2.94,15.56,0.0,1.149,8
G#3,Sol#3,56,207.65,6,CW,6.17,11.32,16.41,0.441,72.04,4.11,False,34.92,64.61,0.664,2.008,2.78,15.72,0.0,1.151,3
G#3,Sol#3,56,207.65,6,CCW,6.17,11.32,16.41,-0.441,72.04,4.11,False,37.92,70.16,-1.204,-1.891,3.02,15.48,0.0,1.151,3
G#3,Sol#3,56,207.65,7,CW,6.17,10.55,15.29,0.918,95.92,13.71,False,23.45,43.39,1.675,1.207,2.86,15.64,0.0,1.154,4
G#3,Sol#3,56,207.65,7,CCW,6.17,10.55,15.29,-0.918,95.92,13.71,False,24.17,44.72,-1.662,-1.179,2.94,15.56,0.0,1.154,4
G#3,Sol#3,56,207.65,8,CW,6.17,10.55,15.29,0.918,95.92,13.71,False,23.45,43.39,1.675,1.207,2.86,15.64,0.0,1.157,2
G#3,Sol#3,56,207.65,8,CCW,6.17,10.55,15.29,-0.918,95.92,13.71,False,24.17,44.72,-1.662,-1.179,2.94,15.56,0.0,1.157,2
G#3,Sol#3,56,207.65,9,CW,6.17,15.95,23.13,0.36,68.0,3.27,False,75.98,140.56,0.327,4.288,3.03,15.47,0.0,1.16,0
G#3,Sol#3,56,207.65,9,CCW,6.17,15.95,23.13,-0.36,68.0,3.27,False,93.42,172.83,-0.825,-3.125,3.85,14.65,0.0,1.16,0
A3,La3,57,220.0,1,CW,6.0,10.24,14.85,0.908,95.38,13.14,False,23.07,42.67,1.635,1.175,2.96,15.54,0.0,1.141,2
A3,La3,57,220.0,1,CCW,6.0,10.24,14.85,-0.908,95.38,13.14,False,23.79,44.01,-1.615,-1.144,3.04,15.46,0.0,1.141,2
A3,La3,57,220.0,2,CW,6.0,10.24,14.85,0.908,95.38,13.14,False,23.07,42.67,1.635,1.175,2.96,15.54,0.0,1.143,4
A3,La3,57,220.0,2,CCW,6.0,10.24,14.85,-0.908,95.38,13.14,False,23.79,44.01,-1.615,-1.144,3.04,15.46,0.0,1.143,4
A3,La3,57,220.0,3,CW,6.0,10.99,15.93,0.434,71.7,4.04,False,34.32,63.48,0.72,2.011,2.88,15.62,0.0,1.146,3
A3,La3,57,220.0,3,CCW,6.0,10.99,15.93,-0.434,71.7,4.04,False,37.32,69.03,-1.26,-1.871,3.12,15.38,0.0,1.146,3
A3,La3,57,220.0,4,CW,6.0,10.24,14.85,0.908,95.38,13.14,False,23.07,42.67,1.635,1.175,2.96,15.54,0.0,1.149,8
A3,La3,57,220.0,4,CCW,6.0,10.24,14.85,-0.908,95.38,13.14,False,23.79,44.01,-1.615,-1.144,3.04,15.46,0.0,1.149,8
A3,La3,57,220.0,5,CW,6.0,10.24,14.85,0.908,95.38,13.14,False,23.07,42.67,1.635,1.175,2.96,15.54,0.0,1.152,8
A3,La3,57,220.0,5,CCW,6.0,10.24,14.85,-0.908,95.38,13.14,False,23.79,44.01,-1.615,-1.144,3.04,15.46,0.0,1.152,8
A3,La3,57,220.0,6,CW,6.0,10.99,15.93,0.434,71.7,4.04,False,34.32,63.48,0.72,2.011,2.88,15.62,0.0,1.155,3
A3,La3,57,220.0,6,CCW,6.0,10.99,15.93,-0.434,71.7,4.04,False,37.32,69.03,-1.26,-1.871,3.12,15.38,0.0,1.155,3
A3,La3,57,220.0,7,CW,6.0,10.24,14.85,0.908,95.38,13.14,False,23.07,42.67,1.635,1.175,2.96,15.54,0.0,1.157,4
A3,La3,57,220.0,7,CCW,6.0,10.24,14.85,-0.908,95.38,13.14,False,23.79,44.01,-1.615,-1.144,3.04,15.46,0.0,1.157,4
A3,La3,57,220.0,8,CW,6.0,10.24,14.85,0.908,95.38,13.14,False,23.07,42.67,1.635,1.175,2.96,15.54,0.0,1.16,2
A3,La3,57,220.0,8,CCW,6.0,10.24,14.85,-0.908,95.38,13.14,False,23.79,44.01,-1.615,-1.144,3.04,15.46,0.0,1.16,2
A3,La3,57,220.0,9,CW,6.0,15.49,22.46,0.36,68.0,3.27,False,73.5,135.98,0.312,4.331,3.08,15.42,0.0,1.163,0
A3,La3,57,220.0,9,CCW,6.0,15.49,22.46,-0.36,68.0,3.27,False,91.98,170.17,-0.84,-3.102,3.85,14.65,0.0,1.163,0
A#3,La#3,58,233.08,1,CW,5.83,9.98,14.47,0.899,94.94,12.73,False,22.81,42.2,1.6,1.146,3.07,15.43,0.0,1.144,2
A#3,La#3,58,233.08,1,CCW,5.83,9.98,14.47,-0.899,94.94,12.73,False,23.53,43.53,-1.574,-1.113,3.15,15.35,0.0,1.144,2
A#3,La#3,58,233.08,2,CW,5.83,9.98,14.47,0.899,94.94,12.73,False,22.81,42.2,1.6,1.146,3.07,15.43,0.0,1.147,4
A#3,La#3,58,233.08,2,CCW,5.83,9.98,14.47,-0.899,94.94,12.73,False,23.53,43.53,-1.574,-1.113,3.15,15.35,0.0,1.147,4
A#3,La#3,58,233.08,3,CW,5.83,10.7,15.51,0.429,71.43,3.98,False,33.9,62.71,0.779,2.007,2.98,15.52,0.0,1.15,3
A#3,La#3,58,233.08,3,CCW,5.83,10.7,15.51,-0.429,71.43,3.98,False,36.9,68.26,-1.319,-1.851,3.23,15.27,0.0,1.15,3
A#3,La#3,58,233.08,4,CW,5.83,9.98,14.47,0.899,94.94,12.73,False,22.81,42.2,1.6,1.146,3.07,15.43,0.0,1.152,8
A#3,La#3,58,233.08,4,CCW,5.83,9.98,14.47,-0.899,94.94,12.73,False,23.53,43.53,-1.574,-1.113,3.15,15.35,0.0,1.152,8
A#3,La#3,58,233.08,5,CW,5.83,9.98,14.47,0.899,94.94,12.73,False,22.81,42.2,1.6,1.146,3.07,15.43,0.0,1.155,8
A#3,La#3,58,233.08,5,CCW,5.83,9.98,14.47,-0.899,94.94,12.73,False,23.53,43.53,-1.574,-1.113,3.15,15.35,0.0,1.155,8
A#3,La#3,58,233.08,6,CW,5.83,10.7,15.51,0.429,71.43,3.98,False,33.9,62.71,0.779,2.007,2.98,15.52,0.0,1.158,3
A#3,La#3,58,233.08,6,CCW,5.83,10.7,15.51,-0.429,71.43,3.98,False,36.9,68.26,-1.319,-1.851,3.23,15.27,0.0,1.158,3
A#3,La#3,58,233.08,7,CW,5.83,9.98,14.47,0.899,94.94,12.73,False,22.81,42.2,1.6,1.146,3.07,15.43,0.0,1.161,4
A#3,La#3,58,233.08,7,CCW,5.83,9.98,14.47,-0.899,94.94,12.73,False,23.53,43.53,-1.574,-1.113,3.15,15.35,0.0,1.161,4
A#3,La#3,58,233.08,8,CW,5.83,9.98,14.47,0.899,94.94,12.73,False,22.81,42.2,1.6,1.146,3.07,15.43,0.0,1.164,2
A#3,La#3,58,233.08,8,CCW,5.83,9.98,14.47,-0.899,94.94,12.73,False,23.53,43.53,-1.574,-1.113,3.15,15.35,0.0,1.164,2
A#3,La#3,58,233.08,9,CW,5.83,15.09,21.88,0.36,68.0,3.27,False,71.36,132.02,0.296,4.377,3.14,15.36,0.0,1.166,0
A#3,La#3,58,233.08,9,CCW,5.83,15.09,21.88,-0.36,68.0,3.27,False,90.94,168.24,-0.856,-3.078,3.85,14.65,0.0,1.166,0
B3,Si3,59,246.94,1,CW,5.66,9.76,14.15,0.892,94.62,12.45,False,22.7,42.0,1.571,1.121,3.18,15.32,0.0,1.148,2
B3,Si3,59,246.94,1,CCW,5.66,9.76,14.15,-0.892,94.62,12.45,False,23.42,43.34,-1.541,-1.087,3.26,15.24,0.0,1.148,2
B3,Si3,59,246.94,2,CW,5.66,9.76,14.15,0.892,94.62,12.45,False,22.7,42.0,1.571,1.121,3.18,15.32,0.0,1.151,4
B3,Si3,59,246.94,2,CCW,5.66,9.76,14.15,-0.892,94.62,12.45,False,23.42,43.34,-1.541,-1.087,3.26,15.24,0.0,1.151,4
B3,Si3,59,246.94,3,CW,5.66,10.46,15.16,0.425,71.23,3.94,False,33.71,62.36,0.841,1.998,3.09,15.41,0.0,1.153,3
B3,Si3,59,246.94,3,CCW,5.66,10.46,15.16,-0.425,71.23,3.94,False,36.71,67.91,-1.381,-1.829,3.35,15.15,0.0,1.153,3
B3,Si3,59,246.94,4,CW,5.66,9.76,14.15,0.892,94.62,12.45,False,22.7,42.0,1.571,1.121,3.18,15.32,0.0,1.156,8
B3,Si3,59,246.94,4,CCW,5.66,9.76,14.15,-0.892,94.62,12.45,False,23.42,43.34,-1.541,-1.087,3.26,15.24,0.0,1.156,8
B3,Si3,59,246.94,5,CW,5.66,9.76,14.15,0.892,94.62,12.45,False,22.7,42.0,1.571,1.121,3.18,15.32,0.0,1.159,8
B3,Si3,59,246.94,5,CCW,5.66,9.76,14.15,-0.892,94.62,12.45,False,23.42,43.34,-1.541,-1.087,3.26,15.24,0.0,1.159,8
B3,Si3,59,246.94,6,CW,5.66,10.46,15.16,0.425,71.23,3.94,False,33.71,62.36,0.841,1.998,3.09,15.41,0.0,1.162,3
B3,Si3,59,246.94,6,CCW,5.66,10.46,15.16,-0.425,71.23,3.94,False,36.71,67.91,-1.381,-1.829,3.35,15.15,0.0,1.162,3
B3,Si3,59,246.94,7,CW,5.66,9.76,14.15,0.892,94.62,12.45,False,22.7,42.0,1.571,1.121,3.18,15.32,0.0,1.164,4
B3,Si3,59,246.94,7,CCW,5.66,9.76,14.15,-0.892,94.62,12.45,False,23.42,43.34,-1.541,-1.087,3.26,15.24,0.0,1.164,4
B3,Si3,59,246.94,8,CW,5.66,9.76,14.15,0.892,94.62,12.45,False,22.7,42.0,1.571,1.121,3.18,15.32,0.0,1.167,2
B3,Si3,59,246.94,8,CCW,5.66,9.76,14.15,-0.892,94.62,12.45,False,23.42,43.34,-1.541,-1.087,3.26,15.24,0.0,1.167,2
B3,Si3,59,246.94,9,CW,5.66,14.75,21.39,0.36,68.0,3.27,False,69.64,128.84,0.28,4.423,3.19,15.31,0.0,1.17,0
B3,Si3,59,246.94,9,CCW,5.66,14.75,21.39,-0.36,68.0,3.27,False,90.38,167.21,-0.872,-3.052,3.85,14.65,0.0,1.17,0
