variant_id,sweep_type,radius_mm,frequency_hz,rpm,direction,a_amp_micro_wb_m,a_z_micro_wb_m,b_unshielded_ut,b_shielded_ut,xi_topological_km,v_ind_a_mv,gauss_res_pct,peek_losses_W
chiral_diode_asymm,radial,55.0,100.0,1200.0,CW,95.8943124135025,36.69716461868937,1743.5329529727726,0.4379556767462138,0.2189589433044667,1514.3022845371877,0.75,0.0
chiral_diode_asymm,radial,75.0,100.0,1200.0,CW,51.569830231261335,19.73491963938406,687.5977364168181,0.17271674244421054,0.2985803761863943,814.3581174622208,0.782,0.0
chiral_diode_asymm,radial,100.0,100.0,1200.0,CW,29.008029505084505,11.100892297153534,290.080295050845,0.0728648757186513,0.39810716508986127,458.07644107249916,0.8220000000000001,0.0
chiral_diode_asymm,radial,125.0,100.0,1200.0,CW,18.565138883254082,7.104571070178262,148.52111106603266,0.03730681636794947,0.49763394985291654,293.1689222863995,0.8620000000000001,0.0
chiral_diode_asymm,radial,150.0,100.0,1200.0,CW,12.892457557815334,4.933729909846015,85.94971705210226,0.021589592805526317,0.5971607281705891,203.5895293655552,0.902,0.0
chiral_diode_asymm,radial,175.0,100.0,1200.0,CW,9.47200963431331,3.6247811582542164,54.125769338933196,0.013595778559748353,0.6966874972256926,149.5759807583671,0.942,0.0
chiral_diode_asymm,radial,200.0,100.0,1200.0,CW,7.252007376271126,2.7752230742883834,36.260036881355624,0.009108109464831413,0.7962142536888257,114.51911026812479,0.9820000000000001,0.0
chiral_diode_asymm,radial,250.0,100.0,1200.0,CW,4.641284720813521,1.7761427675445656,18.565138883254082,0.004663352045993684,0.9952677129605011,73.29223057159987,1.062,0.0
chiral_diode_asymm,spectral,100.0,25.0,1200.0,CW,23.583643382528148,9.025069597300108,235.83643382528146,0.05923943381813313,0.3981071638331907,93.10449220876869,0.8130000000000001,0.0
chiral_diode_asymm,spectral,100.0,50.0,1200.0,CW,24.58007169771355,9.40638620506102,245.80071697713544,0.061742348583019295,0.39810716410561886,194.07646704547653,0.8160000000000001,0.0
chiral_diode_asymm,spectral,100.0,80.0,1200.0,CW,26.618437767041204,10.186435128887863,266.18437767041195,0.06686249265501293,0.3981071645993795,336.27321668571267,0.8196000000000001,0.0
chiral_diode_asymm,spectral,100.0,100.0,1200.0,CW,29.008029505084505,11.100892297153534,290.080295050845,0.0728648757186513,0.39810716508986127,458.07644107249916,0.8220000000000001,0.0
chiral_diode_asymm,spectral,100.0,120.0,1200.0,CW,30.776759999999996,11.7777561538766,307.76759999999996,0.07730772584982676,0.39810716540385466,583.2085362187602,0.8244,0.0
chiral_diode_asymm,spectral,100.0,150.0,1200.0,CW,28.467998902969885,10.894231532754127,284.67998902969885,0.07150838017659965,0.3981071649862175,674.3229294311006,0.8280000000000001,0.0
chiral_diode_asymm,spectral,100.0,200.0,1200.0,CW,25.925637576596365,9.921311974065246,259.2563757659637,0.06512225725688732,0.3981071644402699,818.8025175264742,0.8340000000000001,0.0
chiral_diode_asymm,spectral,100.0,300.0,1200.0,CW,24.485601487802814,9.37023402087613,244.8560148780281,0.06150505014456265,0.39810716408074165,1159.9833609952261,0.8460000000000001,0.0
chiral_diode_asymm,spectral,100.0,500.0,1200.0,CW,23.715129413635367,9.075387122992282,237.15129413635364,0.059569711795604406,0.39810716387045075,1872.4715650657545,0.8700000000000001,0.0
chiral_diode_asymm,spectral,100.0,750.0,1200.0,CW,23.391496637668194,8.951538221459321,233.91496637668195,0.058756783016860686,0.39810716377798755,2770.3778179583637,0.9,0.0
chiral_diode_asymm,spectral,100.0,1000.0,1200.0,CW,23.238511053331656,8.892993172943035,232.38511053331658,0.05837250060334918,0.3981071637333824,3669.678575467613,0.93,0.0
chiral_diode_asymm,rpm_cw,100.0,100.0,0.0,CW,25.900026343825445,9.911510979601369,259.0002634382545,0.0650579247487958,0.3981071644342249,408.9968223861599,0.8220000000000001,0.0
chiral_diode_asymm,rpm_ccw,100.0,100.0,0.0,CCW,13.608488417942182,-3.6454201399550787,136.0848841794218,0.03418297741038423,0.3981071589071403,214.89663549103315,0.8220000000000001,0.0
chiral_diode_asymm,rpm_cw,100.0,100.0,120.0,CW,26.21082665995135,10.030449111356587,262.1082665995135,0.06583861984578136,0.39810716450678546,413.90478425479387,0.8220000000000001,0.0
chiral_diode_asymm,rpm_ccw,100.0,100.0,120.0,CCW,13.77179027895749,-3.68916518163454,137.7179027895749,0.03459317313930885,0.3981071590452394,217.47539511692557,0.8220000000000001,0.0
chiral_diode_asymm,rpm_cw,100.0,100.0,300.0,CW,26.67702713414021,10.208856308989409,266.77027134140206,0.06700966249125967,0.39810716461245615,421.26672705774473,0.8220000000000001,0.0
chiral_diode_asymm,rpm_ccw,100.0,100.0,300.0,CCW,14.016743070480446,-3.754782744153731,140.16743070480447,0.03520846673269576,0.3981071592463546,221.34353455576414,0.8220000000000001,0.0
chiral_diode_asymm,rpm_cw,100.0,100.0,600.0,CW,27.45402792445498,10.506201638377453,274.5402792445497,0.06896140023372355,0.39810716478059893,433.53663172932966,0.8220000000000001,0.0
chiral_diode_asymm,rpm_ccw,100.0,100.0,600.0,CCW,14.424997723018713,-3.864145348352384,144.2499772301871,0.03623395605500728,0.3981071595663681,227.79043362049515,0.8220000000000001,0.0
chiral_diode_asymm,rpm_cw,100.0,100.0,900.0,CW,28.231028714769735,10.803546967765492,282.3102871476974,0.07091313797618744,0.3981071649394859,445.80653640091435,0.8220000000000001,0.0
chiral_diode_asymm,rpm_ccw,100.0,100.0,900.0,CCW,14.83325237555698,-3.973507952551037,148.33252375556978,0.03725944537731881,0.3981071598687662,234.23733268522616,0.8220000000000001,0.0
chiral_diode_asymm,rpm_cw,100.0,100.0,1200.0,CW,29.008029505084505,11.100892297153534,290.080295050845,0.0728648757186513,0.39810716508986127,458.07644107249916,0.8220000000000001,0.0
chiral_diode_asymm,rpm_ccw,100.0,100.0,1200.0,CCW,15.241507028095247,-4.082870556749689,152.41507028095245,0.03828493469963034,0.39810716015496433,240.68423174995718,0.8220000000000001,0.0
chiral_diode_asymm,rpm_cw,100.0,100.0,1500.0,CW,29.78503029539926,11.398237626541572,297.8503029539926,0.07481661346111515,0.3981071652323909,470.3463457440839,0.8220000000000001,0.0
chiral_diode_asymm,rpm_ccw,100.0,100.0,1500.0,CCW,15.649761680633508,-4.192233160948341,156.49761680633506,0.039310424021941855,0.39810716042623046,247.13113081468813,0.8220000000000001,0.0
chiral_diode_asymm,rpm_cw,100.0,100.0,1800.0,CW,30.562031085714022,11.695582955929613,305.6203108571403,0.07676835120357904,0.3981071653676732,482.6162504156687,0.8220000000000001,0.0
chiral_diode_asymm,rpm_ccw,100.0,100.0,1800.0,CCW,16.05801633317178,-4.3015957651469945,160.58016333171776,0.04033591334425339,0.39810716068370333,253.57802987941918,0.8220000000000001,0.0
chiral_diode_asymm,rpm_cw,100.0,100.0,2400.0,CW,32.11603266634356,12.290273614705699,321.1603266634355,0.08067182668850678,0.39810716561860027,507.15605975883835,0.8220000000000001,0.0
chiral_diode_asymm,rpm_ccw,100.0,100.0,2400.0,CCW,16.874525638248308,-4.520320973544298,168.74525638248306,0.04238689198887645,0.3981071611612739,266.4718280088812,0.8220000000000001,0.0
dual_90_48coils,radial,55.0,100.0,1200.0,CW,75.30736847941925,24.72470249192969,1369.2248814439865,0.3439337401384462,0.21895894316779235,1189.206296606295,0.7482222222222222,0.0
dual_90_48coils,radial,75.0,100.0,1200.0,CW,40.49862927115436,13.296395562326635,539.9817236153915,0.13563727648126578,0.29858037571380786,639.5287195082742,0.7802222222222223,0.0
dual_90_48coils,radial,100.0,100.0,1200.0,CW,22.780478965024322,7.479222503808732,227.80478965024318,0.05722197601553398,0.3981071635962549,359.7349047234042,0.8202222222222223,0.0
dual_90_48coils,radial,125.0,100.0,1200.0,CW,14.579506537615567,4.786702402437588,116.63605230092453,0.0292976517199534,0.4976339462064166,230.2303390229787,0.8602222222222223,0.0
dual_90_48coils,radial,150.0,100.0,1200.0,CW,10.12465731778859,3.324098890581659,67.49771545192394,0.016954659560158222,0.5971607206092071,159.88217987706855,0.9002222222222223,0.0
dual_90_48coils,radial,175.0,100.0,1200.0,CW,7.4385237436814124,2.4421951032844844,42.505849963893795,0.010676986778408677,0.6966874832172999,117.46445868519324,0.9402222222222222,0.0
dual_90_48coils,radial,200.0,100.0,1200.0,CW,5.695119741256081,1.869805625952183,28.475598706280397,0.007152747001941747,0.7962142297911283,89.93372618085105,0.9802222222222223,0.0
dual_90_48coils,radial,250.0,100.0,1200.0,CW,3.6448766344038916,1.196675600609397,14.579506537615567,0.003662206464994175,0.9952676546165276,57.55758475574468,1.0602222222222222,0.0
dual_90_48coils,spectral,100.0,25.0,1200.0,CW,19.032844448429074,6.24880972558734,190.3284444842907,0.047808343723041415,0.3981071622263492,75.13865813338592,0.8125555555555556,0.0
dual_90_48coils,spectral,100.0,50.0,1200.0,CW,19.72126320456692,6.474829426966551,197.2126320456692,0.04953757345578078,0.39810716251702855,155.71285289506827,0.8151111111111111,0.0
dual_90_48coils,spectral,100.0,80.0,1200.0,CW,21.129542568586242,6.937191729672925,211.29542568586243,0.05307501128203585,0.3981071630526574,266.9314896997423,0.8181777777777778,0.0
dual_90_48coils,spectral,100.0,100.0,1200.0,CW,22.780478965024322,7.479222503808732,227.80478965024318,0.05722197601553398,0.3981071635962549,359.7349047234042,0.8202222222222223,0.0
dual_90_48coils,spectral,100.0,120.0,1200.0,CW,24.002470781893,7.880423405257143,240.02470781892995,0.06029148067974214,0.3981071639504557,454.83819123070055,0.8222666666666667,0.0
dual_90_48coils,spectral,100.0,150.0,1200.0,CW,22.407379174785074,7.356727434604609,224.07379174785072,0.056284791714832944,0.39810716348041153,530.7647234888083,0.8253333333333334,0.0
dual_90_48coils,spectral,100.0,200.0,1200.0,CW,20.65089634979693,6.780043955193366,206.5089634979693,0.0518727063395656,0.39810716287880316,652.211768001267,0.8304444444444445,0.0
dual_90_48coils,spectral,100.0,300.0,1200.0,CW,19.65599502279438,6.453400761895665,196.55995022794377,0.04937362719557702,0.39810716249034334,931.1850959268571,0.8406666666666667,0.0
dual_90_48coils,spectral,100.0,500.0,1200.0,CW,19.123686357079066,6.278634684426314,191.23686357079063,0.04803652828079176,0.3981071622659051,1509.9457522790406,0.8611111111111112,0.0
dual_90_48coils,spectral,100.0,750.0,1200.0,CW,18.90009287857047,6.205225105166197,189.0009287857047,0.047474886855952,0.39810716216786046,2238.4372782640407,0.8866666666666667,0.0
dual_90_48coils,spectral,100.0,1000.0,1200.0,CW,18.794397221320523,6.170523405545554,187.94397221320523,0.04720939136863636,0.3981071621207015,2967.892248501866,0.9122222222222223,0.0
dual_90_48coils,rpm_cw,100.0,100.0,0.0,CW,20.66777325455835,6.785584932890984,206.67773254558352,0.05191509920764171,0.3981071628850701,326.3723933982497,0.8202222222222223,0.0
dual_90_48coils,rpm_ccw,100.0,100.0,0.0,CCW,13.527997039347284,-3.1090316419791417,135.27997039347287,0.03398079220863821,0.3981071588378447,213.62556658794523,0.8202222222222223,0.0
dual_90_48coils,rpm_cw,100.0,100.0,120.0,CW,20.87904382560495,6.85494868998276,208.79043825604953,0.05244578688843094,0.3981071629626652,329.7086445307651,0.8202222222222223,0.0
dual_90_48coils,rpm_ccw,100.0,100.0,120.0,CCW,13.666283231305057,-3.1408128543193734,136.6628323130506,0.03432815141788207,0.3981071589563928,215.80929460195537,0.8202222222222223,0.0
dual_90_48coils,rpm_cw,100.0,100.0,300.0,CW,21.19594968217485,6.958994325620423,211.9594968217485,0.05324181840961479,0.3981071630761577,334.7130212295384,0.8202222222222223,0.0
dual_90_48coils,rpm_ccw,100.0,100.0,300.0,CCW,13.873712519241714,-3.1884846728297194,138.73712519241715,0.034849190231747845,0.398107159129784,219.0848866229705,0.8202222222222223,0.0
dual_90_48coils,rpm_cw,100.0,100.0,600.0,CW,21.72412610979134,7.132403718349858,217.24126109791337,0.05456853761158785,0.3981071632579535,343.05364906082696,0.8202222222222223,0.0
dual_90_48coils,rpm_ccw,100.0,100.0,600.0,CCW,14.219427999136144,-3.2679377036802975,142.19427999136144,0.03571758825485749,0.39810715940752756,224.54420665799577,0.8202222222222223,0.0
dual_90_48coils,rpm_cw,100.0,100.0,900.0,CW,22.252302537407825,7.305813111079294,222.52302537407823,0.0558952568135609,0.39810716343111907,351.39427689211544,0.8202222222222223,0.0
dual_90_48coils,rpm_ccw,100.0,100.0,900.0,CCW,14.565143479030578,-3.347390734530876,145.65143479030573,0.03658598627796713,0.39810715967208626,230.00352669302103,0.8202222222222223,0.0
dual_90_48coils,rpm_cw,100.0,100.0,1200.0,CW,22.780478965024322,7.479222503808732,227.80478965024318,0.05722197601553398,0.3981071635962549,359.7349047234042,0.8202222222222223,0.0
dual_90_48coils,rpm_ccw,100.0,100.0,1200.0,CCW,14.910858958925004,-3.4268437653814536,149.10858958925007,0.037454384301076775,0.39810715992437695,235.46284672804626,0.8202222222222223,0.0
dual_90_48coils,rpm_cw,100.0,100.0,1500.0,CW,23.308655392640812,7.652631896538168,233.08655392640813,0.05854869521750705,0.3981071637539066,368.0755325546927,0.8202222222222223,0.0
dual_90_48coils,rpm_ccw,100.0,100.0,1500.0,CCW,15.256574438819438,-3.5062967962320326,152.56574438819436,0.03832278232418642,0.39810716016523395,240.92216676307157,0.8202222222222223,0.0
dual_90_48coils,rpm_cw,100.0,100.0,1800.0,CW,23.836831820257302,7.826041289267603,238.368318202573,0.0598754144194801,0.39810716390457196,376.41616038598136,0.8202222222222223,0.0
dual_90_48coils,rpm_ccw,100.0,100.0,1800.0,CCW,15.60228991871387,-3.585749827082611,156.0228991871387,0.039191180347296066,0.398107160395417,246.38148679809692,0.8202222222222223,0.0
dual_90_48coils,rpm_cw,100.0,100.0,2400.0,CW,24.893184675490286,8.172860074726476,248.9318467549029,0.06252885282342625,0.3981071641867218,393.09741604855856,0.8202222222222223,0.0
dual_90_48coils,rpm_ccw,100.0,100.0,2400.0,CCW,16.293720878502732,-3.7446558887837673,162.9372087850273,0.040927976393515364,0.3981071608264794,257.3001268681474,0.8202222222222223,0.0
chiral_wpt_benchtop,radial,55.0,100.0,1200.0,CW,56.778763951052014,16.28433305050163,1032.3411627464004,0.2593123759391506,0.21895894296004056,896.6143017275468,0.7468888888888888,0.0
chiral_wpt_benchtop,radial,75.0,100.0,1200.0,CW,30.534357502565747,8.757352440491987,407.1247667008767,0.10226511774074352,0.29858037499545315,482.17924670681407,0.7788888888888889,0.0
chiral_wpt_benchtop,radial,100.0,100.0,1200.0,CW,17.175576095193232,4.9260107477767425,171.7557609519323,0.043143096546876154,0.3981071613258992,271.2258262725828,0.8188888888888889,0.0
chiral_wpt_benchtop,radial,125.0,100.0,1200.0,CW,10.99236870092367,3.1526468785771153,87.93894960738936,0.0220892654320006,0.4976339406635562,173.58452881445308,0.8588888888888889,0.0
chiral_wpt_benchtop,radial,150.0,100.0,1200.0,CW,7.633589375641437,2.1893381101229967,50.89059583760959,0.01278313971759294,0.5971607091155324,120.54481167670352,0.8988888888888888,0.0
chiral_wpt_benchtop,radial,175.0,100.0,1200.0,CW,5.608351378022281,1.6084933053964878,32.04772216012732,0.00805002384548127,0.6966874619238502,88.56353510941486,0.9388888888888888,0.0
chiral_wpt_benchtop,radial,200.0,100.0,1200.0,CW,4.293894023798308,1.2315026869441856,21.469470118991538,0.005392887068359519,0.796214193465447,67.8064565681457,0.9788888888888889,0.0
chiral_wpt_benchtop,radial,250.0,100.0,1200.0,CW,2.7480921752309175,0.7881617196442788,10.99236870092367,0.002761158179000075,0.9952675659308097,43.39613220361327,1.058888888888889,0.0
chiral_wpt_benchtop,spectral,100.0,25.0,1200.0,CW,14.656678123643662,4.203582666666918,146.5667812364366,0.0368159109097838,0.39810715974004335,57.86224596578545,0.8122222222222223,0.0
chiral_wpt_benchtop,spectral,100.0,50.0,1200.0,CW,15.119385092728713,4.336288521198461,151.19385092728712,0.037978178267193456,0.3981071600709736,119.37787972236814,0.8144444444444445,0.0
chiral_wpt_benchtop,spectral,100.0,80.0,1200.0,CW,16.065932045932183,4.60776124729005,160.65932045932183,0.04035579671573199,0.3981071606885661,202.9624238440126,0.8171111111111111,0.0
chiral_wpt_benchtop,spectral,100.0,100.0,1200.0,CW,17.175576095193232,4.9260107477767425,171.7557609519323,0.043143096546876154,0.3981071613258992,271.2258262725828,0.8188888888888889,0.0
chiral_wpt_benchtop,spectral,100.0,120.0,1200.0,CW,17.99691358024691,5.161572993636933,179.96913580246908,0.0452062030312727,0.3981071617470254,341.0350415570491,0.8206666666666668,0.0
chiral_wpt_benchtop,spectral,100.0,150.0,1200.0,CW,16.924804494959112,4.854088642157463,169.2480449495911,0.042513186766840134,0.39810716118917555,400.89869983446096,0.8233333333333334,0.0
chiral_wpt_benchtop,spectral,100.0,200.0,1200.0,CW,15.744219513864453,4.515493053089354,157.4421951386445,0.03954769137158446,0.3981071604869892,497.24549825841143,0.8277777777777778,0.0
chiral_wpt_benchtop,spectral,100.0,300.0,1200.0,CW,15.075516383027812,4.323706833441379,150.75516383027812,0.037867985050527936,0.3981071600404701,714.1890376446049,0.8366666666666667,0.0
chiral_wpt_benchtop,spectral,100.0,500.0,1200.0,CW,14.71773570501049,4.221094178384445,147.17735705010492,0.036969280619959924,0.39810715978490374,1162.065832705932,0.8544444444444445,0.0
chiral_wpt_benchtop,spectral,100.0,750.0,1200.0,CW,14.567451797395433,4.177992267855991,145.67451797395435,0.03659178451154743,0.39810715967381044,1725.2998364667728,0.8766666666666667,0.0
chiral_wpt_benchtop,spectral,100.0,1000.0,1200.0,CW,14.496410564460486,4.157617412594467,144.96410564460487,0.03641333700246042,0.39810715962049337,2289.181400111959,0.898888888888889,0.0
chiral_wpt_benchtop,rpm_cw,100.0,100.0,0.0,CW,15.773488250687665,4.523887421427622,157.73488250687663,0.03962121111447812,0.3981071605056683,249.08494249522926,0.8188888888888889,0.0
chiral_wpt_benchtop,rpm_ccw,100.0,100.0,0.0,CCW,11.71744841479655,-2.352421459142363,117.1744841479655,0.029432899685040887,0.3981071570275736,185.0345287107417,0.8188888888888889,0.0
chiral_wpt_benchtop,rpm_cw,100.0,100.0,120.0,CW,15.913697035138222,4.564099754062534,159.13697035138222,0.03997339965771792,0.3981071605941954,251.29903087296458,0.8188888888888889,0.0
chiral_wpt_benchtop,rpm_ccw,100.0,100.0,120.0,CCW,11.821603511816965,-2.3733318721125176,118.21603511816964,0.029694525460019026,0.3981071571467447,186.67928007705942,0.8188888888888889,0.0
chiral_wpt_benchtop,rpm_cw,100.0,100.0,300.0,CW,16.124010211814053,4.624418253014901,161.24010211814058,0.040501682472577634,0.3981071607240992,254.62016343956762,0.8188888888888889,0.0
chiral_wpt_benchtop,rpm_ccw,100.0,100.0,300.0,CCW,11.977836157347584,-2.404697491567749,119.77836157347583,0.030086964122486237,0.39810715732161545,189.14640712653593,0.8188888888888889,0.0
chiral_wpt_benchtop,rpm_cw,100.0,100.0,600.0,CW,16.47453217294045,4.724949084602182,164.74532172940448,0.04138215383067714,0.3981071609332354,260.15538438390604,0.8188888888888889,0.0
chiral_wpt_benchtop,rpm_ccw,100.0,100.0,600.0,CCW,12.238223899898621,-2.456973523993135,122.38223899898622,0.030741028559931598,0.39810715760314486,193.25828554233027,0.8188888888888889,0.0
chiral_wpt_benchtop,rpm_cw,100.0,100.0,900.0,CW,16.82505413406684,4.825479916189462,168.25054134066838,0.04226262518877665,0.3981071611336575,265.6906053282445,0.8188888888888889,0.0
chiral_wpt_benchtop,rpm_ccw,100.0,100.0,900.0,CCW,12.498611642449655,-2.509249556418521,124.98611642449653,0.03139509299737695,0.3981071578729438,197.37016395812452,0.8188888888888889,0.0
chiral_wpt_benchtop,rpm_cw,100.0,100.0,1200.0,CW,17.175576095193232,4.9260107477767425,171.7557609519323,0.043143096546876154,0.3981071613258992,271.2258262725828,0.8188888888888889,0.0
chiral_wpt_benchtop,rpm_ccw,100.0,100.0,1200.0,CCW,12.75899938500069,-2.5615255888439066,127.5899938500069,0.032049157434822305,0.3981071581317306,201.48204237391874,0.8188888888888889,0.0
chiral_wpt_benchtop,rpm_cw,100.0,100.0,1500.0,CW,17.526098056319626,5.026541579364023,175.26098056319628,0.044023567904975684,0.39810716151045106,276.7610472169213,0.8188888888888889,0.0
chiral_wpt_benchtop,rpm_ccw,100.0,100.0,1500.0,CCW,13.019387127551722,-2.613801621269292,130.1938712755172,0.03270322187226765,0.3981071583801659,205.593920789713,0.8188888888888889,0.0
chiral_wpt_benchtop,rpm_cw,100.0,100.0,1800.0,CW,17.87662001744602,5.127072410951303,178.76620017446018,0.04490403926307519,0.3981071616877658,282.2962681612597,0.8188888888888889,0.0
chiral_wpt_benchtop,rpm_ccw,100.0,100.0,1800.0,CCW,13.279774870102758,-2.666077653694678,132.79774870102756,0.033357286309713005,0.39810715861885876,209.70579920550728,0.8188888888888889,0.0
chiral_wpt_benchtop,rpm_cw,100.0,100.0,2400.0,CW,18.577663939698805,5.328134074125865,185.77663939698803,0.046664981979274225,0.39810716202232166,293.3667100499366,0.8188888888888889,0.0
chiral_wpt_benchtop,rpm_ccw,100.0,100.0,2400.0,CCW,13.800550355204827,-2.77062971854545,138.00550355204828,0.03466541518460371,0.3981071590692224,217.92955603709578,0.8188888888888889,0.0
dual_90_npnpnp,radial,55.0,100.0,1200.0,CW,51.20200222074897,13.969954115276478,930.9454949227086,0.23384293571713216,0.21895894286807308,808.5496103399859,0.7464444444444445,0.0
dual_90_npnpnp,radial,75.0,100.0,1200.0,CW,27.535298972047226,7.512730879770906,367.1373196272964,0.09222072516726014,0.2985803746774519,434.82001267172575,0.7784444444444445,0.0
dual_90_npnpnp,radial,100.0,100.0,1200.0,CW,15.488605671776561,4.225911119871133,154.8860567177656,0.03890561842993786,0.3981071603208581,244.5862571278457,0.8184444444444445,0.0
dual_90_npnpnp,radial,125.0,100.0,1200.0,CW,9.912707629937001,2.7045831167175263,79.30166103949601,0.01991967663612819,0.4976339382098427,156.53520456182127,0.8584444444444446,0.0
dual_90_npnpnp,radial,150.0,100.0,1200.0,CW,6.8838247430118065,1.8781827199427266,45.89216495341205,0.011527590645907517,0.5971607040275126,108.70500316793144,0.8984444444444445,0.0
dual_90_npnpnp,radial,175.0,100.0,1200.0,CW,5.057503892825001,1.379889345264044,28.900022244714297,0.007259357374682286,0.6966874524976662,79.8649002866435,0.9384444444444444,0.0
dual_90_npnpnp,radial,200.0,100.0,1200.0,CW,3.8721514179441403,1.0564777799677834,19.3607570897207,0.004863202303742232,0.7962141773847953,61.146564281961425,0.9784444444444446,0.0
dual_90_npnpnp,radial,250.0,100.0,1200.0,CW,2.4781769074842503,0.6761457791793816,9.912707629937001,0.0024899595795160236,0.9952675266714208,39.13380114045532,1.0584444444444445,0.0
dual_90_npnpnp,spectral,100.0,25.0,1200.0,CW,13.312416473902058,3.6321596663752898,133.12416473902056,0.03343927831139917,0.39810715864812213,52.55531368798329,0.8121111111111111,0.0
dual_90_npnpnp,spectral,100.0,50.0,1200.0,CW,13.712169826073243,3.741228369649482,137.12169826073242,0.03444341333266845,0.39810715899520166,108.26695333111776,0.8142222222222223,0.0
dual_90_npnpnp,spectral,100.0,80.0,1200.0,CW,14.52993429216443,3.9643472238525703,145.2993429216443,0.03649754479921358,0.39810715964571824,183.55802039998113,0.8167555555555556,0.0
dual_90_npnpnp,spectral,100.0,100.0,1200.0,CW,15.488605671776561,4.225911119871133,154.8860567177656,0.03890561842993786,0.3981071603208581,244.5862571278457,0.8184444444444445,0.0
dual_90_npnpnp,spectral,100.0,120.0,1200.0,CW,16.19819604938271,4.419515756132457,161.98196049382707,0.0406880288713765,0.3981071607691168,306.949991075896,0.8201333333333334,0.0
dual_90_npnpnp,spectral,100.0,150.0,1200.0,CW,15.271952812578984,4.166799554489671,152.71952812578982,0.03836141105257171,0.39810716017569464,361.74751846142055,0.8226666666666668,0.0
dual_90_npnpnp,spectral,100.0,200.0,1200.0,CW,14.251992372716238,3.888513551476577,142.5199237271624,0.035799386263003934,0.3981071594329951,450.1168852673669,0.8268888888888889,0.0
dual_90_npnpnp,spectral,100.0,300.0,1200.0,CW,13.674269675589155,3.7308876927177073,136.74269675589153,0.0343482124589153,0.3981071589631662,647.8062344250119,0.8353333333333334,0.0
dual_90_npnpnp,spectral,100.0,500.0,1200.0,CW,13.365166863365864,3.646552082460802,133.65166863365863,0.03357178129895016,0.39810715869511093,1055.271277567755,0.8522222222222222,0.0
dual_90_npnpnp,spectral,100.0,750.0,1200.0,CW,13.235329839373554,3.611127349267427,132.35329839373557,0.0332456454400763,0.39810715857878143,1567.5296355906066,0.8733333333333334,0.0
dual_90_npnpnp,spectral,100.0,1000.0,1200.0,CW,13.173954124492333,3.5943815994237713,131.73954124492332,0.03309147661464195,0.3981071585229929,2080.347449709421,0.8944444444444445,0.0
dual_90_npnpnp,rpm_cw,100.0,100.0,0.0,CW,14.28252572192511,3.8968442703729718,142.82525721925109,0.03587608256859025,0.39810715945676856,225.54060595805444,0.8184444444444445,0.0
dual_90_npnpnp,rpm_ccw,100.0,100.0,0.0,CCW,11.342005720352294,-2.16618696206027,113.42005720352293,0.02848983027505696,0.3981071565798389,179.10577531963148,0.8184444444444445,0.0
dual_90_npnpnp,rpm_cw,100.0,100.0,120.0,CW,14.403133716910254,3.9297509553227883,144.03133716910256,0.03617903615472501,0.39810715954968956,227.44517107503358,0.8184444444444445,0.0
dual_90_npnpnp,rpm_ccw,100.0,100.0,120.0,CCW,11.43778265754638,-2.1844792075176676,114.37782657546377,0.028730411064046328,0.39810715669685065,180.61822408899724,0.8184444444444445,0.0
dual_90_npnpnp,rpm_cw,100.0,100.0,300.0,CW,14.584045709387972,3.9791109827475126,145.8404570938797,0.03663346653392714,0.3981071596861895,230.30201875050227,0.8184444444444445,0.0
dual_90_npnpnp,rpm_ccw,100.0,100.0,300.0,CCW,11.581448063337508,-2.211917575703764,115.81448063337508,0.029091282247530388,0.3981071568687393,182.88689724304592,0.8184444444444445,0.0
dual_90_npnpnp,rpm_cw,100.0,100.0,600.0,CW,14.885565696850838,4.0613776951220535,148.85565696850836,0.03739085049926406,0.39810715990631623,235.0634315429501,0.8184444444444445,0.0
dual_90_npnpnp,rpm_ccw,100.0,100.0,600.0,CCW,11.820890406322722,-2.2576481893472584,118.20890406322722,0.029692734220003805,0.3981071571459359,186.66801916646034,0.8184444444444445,0.0
dual_90_npnpnp,rpm_cw,100.0,100.0,900.0,CW,15.187085684313699,4.143644407496594,151.870856843137,0.03814823446460096,0.3981071601177022,239.8248443353979,0.8184444444444445,0.0
dual_90_npnpnp,rpm_ccw,100.0,100.0,900.0,CCW,12.060332749307937,-2.303378802990753,120.60332749307936,0.030294186192477233,0.39810715741212577,190.44914108987476,0.8184444444444445,0.0
dual_90_npnpnp,rpm_cw,100.0,100.0,1200.0,CW,15.488605671776561,4.225911119871133,154.8860567177656,0.03890561842993786,0.3981071603208581,244.5862571278457,0.8184444444444445,0.0
dual_90_npnpnp,rpm_ccw,100.0,100.0,1200.0,CCW,12.299775092293151,-2.3491094166342474,122.99775092293152,0.03089563816495065,0.3981071576679517,194.2302630132892,0.8184444444444445,0.0
dual_90_npnpnp,rpm_cw,100.0,100.0,1500.0,CW,15.790125659239429,4.308177832245676,157.90125659239428,0.039663002395274774,0.39810716051625517,249.34766992029355,0.8184444444444445,0.0
dual_90_npnpnp,rpm_ccw,100.0,100.0,1500.0,CCW,12.53921743527837,-2.394840030277743,125.3921743527837,0.031497090137424084,0.39810715791400736,198.0113849367037,0.8184444444444445,0.0
dual_90_npnpnp,rpm_cw,100.0,100.0,1800.0,CW,16.09164564670229,4.390444544620215,160.9164564670229,0.040420386360611675,0.3981071607043297,254.10908271274135,0.8184444444444445,0.0
dual_90_npnpnp,rpm_ccw,100.0,100.0,1800.0,CCW,12.778659778263583,-2.440570643921237,127.7865977826358,0.032098542109897495,0.398107158150842,201.79250686011812,0.8184444444444445,0.0
dual_90_npnpnp,rpm_cw,100.0,100.0,2400.0,CW,16.694685621628018,4.554977969369297,166.94685621628017,0.041935154291285484,0.3981071610600982,263.631908297637,0.8184444444444445,0.0
dual_90_npnpnp,rpm_ccw,100.0,100.0,2400.0,CCW,13.257544464234014,-2.532031871208227,132.57544464234013,0.03330144605484436,0.39810715859884666,209.35475070694704,0.8184444444444445,0.0
fibonacci_24x24,radial,55.0,100.0,1200.0,CW,44.21869833789063,11.195960759037735,803.9763334161933,0.20194972431629576,0.2189589427201985,698.273695561741,0.7458222222222222,0.0
fibonacci_24x24,radial,75.0,100.0,1200.0,CW,23.77983332837674,6.020938897082516,317.0644443783566,0.07964298757481177,0.29858037416613786,375.5160762798696,0.7778222222222222,0.0
fibonacci_24x24,radial,100.0,100.0,1200.0,CW,13.376156247211915,3.386778129608915,133.76156247211912,0.033599385383123695,0.39810715870485336,211.2277929074266,0.8178222222222222,0.0
fibonacci_24x24,radial,125.0,100.0,1200.0,CW,8.560739998215626,2.1675380029497058,68.485919985725,0.017202885316159336,0.49763393426451874,135.18578746075306,0.8578222222222223,0.0
fibonacci_24x24,radial,150.0,100.0,1200.0,CW,5.944958332094185,1.505234724270629,39.633055547294575,0.00995537344685147,0.5971606958464895,93.8790190699674,0.8978222222222222,0.0
fibonacci_24x24,radial,175.0,100.0,1200.0,CW,4.367724488885524,1.1058867361988296,24.958425650774426,0.0062692730744020935,0.6966874373413126,68.97234054120055,0.9378222222222221,0.0
fibonacci_24x24,radial,200.0,100.0,1200.0,CW,3.3440390618029787,0.8466945324022287,16.72019530901489,0.004199923172890462,0.796214151528729,52.80694822685665,0.9778222222222223,0.0
fibonacci_24x24,radial,250.0,100.0,1200.0,CW,2.1401849995539064,0.5418845007374264,8.560739998215626,0.002150360664519917,0.9952674635462855,33.796446865188265,1.0578222222222222,0.0
fibonacci_24x24,spectral,100.0,25.0,1200.0,CW,11.614370108053247,2.940702391939926,116.14370108053245,0.0291739786849494,0.3981071569075302,45.85169533372921,0.8119555555555557,0.0
fibonacci_24x24,spectral,100.0,50.0,1200.0,CW,11.93800001836862,3.022643921485969,119.38000018368616,0.029986900265501236,0.3981071572774619,94.25867001719662,0.8139111111111111,0.0
fibonacci_24x24,spectral,100.0,80.0,1200.0,CW,12.600040847751977,3.190269460573931,126.00040847751977,0.03164987164193465,0.39810715797502116,159.17749581424462,0.8162577777777779,0.0
fibonacci_24x24,spectral,100.0,100.0,1200.0,CW,13.376156247211915,3.386778129608915,133.76156247211912,0.033599385383123695,0.39810715870485336,211.2277929074266,0.8178222222222222,0.0
fibonacci_24x24,spectral,100.0,120.0,1200.0,CW,13.950622149794235,3.532230120383722,139.50622149794233,0.035042378489185136,0.3981071591927629,264.35927379368417,0.8193866666666667,0.0
fibonacci_24x24,spectral,100.0,150.0,1200.0,CW,13.200759730807826,3.342368579152985,132.0075973080783,0.03315880925343423,0.3981071585474221,312.6870632085699,0.8217333333333334,0.0
fibonacci_24x24,spectral,100.0,200.0,1200.0,CW,12.375026303220071,3.1332968651451494,123.7502630322007,0.03108466066063265,0.39810715774630734,390.8371650107437,0.8256444444444445,0.0
fibonacci_24x24,spectral,100.0,300.0,1200.0,CW,11.907317042890151,3.0148751403517426,119.07317042890148,0.02990982811571853,0.39810715724325196,564.0984417200398,0.8334666666666667,0.0
fibonacci_24x24,spectral,100.0,500.0,1200.0,CW,11.65707545053143,2.951515178307663,116.5707545053143,0.029281249655273317,0.3981071569575217,920.4057853631656,0.8491111111111111,0.0
fibonacci_24x24,spectral,100.0,750.0,1200.0,CW,11.551962774922767,2.9249011567369823,115.51962774922765,0.029017218551632248,0.39810715683381037,1368.159631735178,0.8686666666666667,0.0
fibonacci_24x24,spectral,100.0,1000.0,1200.0,CW,11.502274593461198,2.9123203492789984,115.02274593461198,0.02889240748281255,0.3981071567745433,1816.3663992026072,0.8882222222222222,0.0
fibonacci_24x24,rpm_cw,100.0,100.0,0.0,CW,12.40575084757906,3.141076171319067,124.05750847579058,0.031161837226722305,0.3981071577780261,195.90376506253494,0.8178222222222222,0.0
fibonacci_24x24,rpm_ccw,100.0,100.0,0.0,CCW,10.633500726496338,-1.88464570279144,106.33500726496338,0.026710146194333408,0.39810715564878085,167.91751291074425,0.8178222222222222,0.0
fibonacci_24x24,rpm_cw,100.0,100.0,120.0,CW,12.502791387542347,3.165646367148052,125.02791387542344,0.03140559204236244,0.3981071578771831,197.4361678470241,0.8178222222222222,0.0
fibonacci_24x24,rpm_ccw,100.0,100.0,120.0,CCW,10.716678332179153,-1.8993878202888308,107.16678332179153,0.026919078893453526,0.39810715576446404,169.23100101173497,0.8178222222222222,0.0
fibonacci_24x24,rpm_cw,100.0,100.0,300.0,CW,12.648352197487274,3.2025016608915293,126.48352197487273,0.031771224265822656,0.3981071580230657,199.7347720237579,0.8178222222222222,0.0
fibonacci_24x24,rpm_ccw,100.0,100.0,300.0,CCW,10.841444740703377,-1.921500996534917,108.41444740703376,0.027232477942133702,0.39810715593466034,171.201233163221,0.8178222222222222,0.0
fibonacci_24x24,rpm_cw,100.0,100.0,600.0,CW,12.890953547395487,3.2639271504639904,128.90953547395486,0.032380611304923,0.3981071582588821,203.56577898498077,0.8178222222222222,0.0
fibonacci_24x24,rpm_ccw,100.0,100.0,600.0,CCW,11.049388754910417,-1.9583562902783942,110.49388754910419,0.027754809689934008,0.39810715620977954,174.4849534156978,0.8178222222222222,0.0
fibonacci_24x24,rpm_cw,100.0,100.0,900.0,CW,13.1335548973037,3.325352640036453,131.335548973037,0.03298999834402335,0.3981071584859867,207.39678594620366,0.8178222222222222,0.0
fibonacci_24x24,rpm_ccw,100.0,100.0,900.0,CCW,11.257332769117458,-1.9952115840218718,112.57332769117458,0.028277141437734302,0.39810715647473494,177.7686736681746,0.8178222222222222,0.0
fibonacci_24x24,rpm_cw,100.0,100.0,1200.0,CW,13.376156247211915,3.386778129608915,133.76156247211912,0.033599385383123695,0.39810715870485336,211.2277929074266,0.8178222222222222,0.0
fibonacci_24x24,rpm_ccw,100.0,100.0,1200.0,CCW,11.465276783324494,-2.032066877765348,114.65276783324494,0.028799473185534594,0.39810715673007935,181.05239392065133,0.8178222222222222,0.0
fibonacci_24x24,rpm_cw,100.0,100.0,1500.0,CW,13.618757597120124,3.448203619181376,136.18757597120126,0.034208772422224046,0.39810715891592224,215.0587998686495,0.8178222222222222,0.0
fibonacci_24x24,rpm_ccw,100.0,100.0,1500.0,CCW,11.673220797531533,-2.068922171508825,116.73220797531533,0.029321804933334892,0.3981071569763264,184.3361141731281,0.8178222222222222,0.0
fibonacci_24x24,rpm_cw,100.0,100.0,1800.0,CW,13.861358947028338,3.509629108753838,138.61358947028336,0.03481815946132439,0.39810715911960304,218.88980682987238,0.8178222222222222,0.0
fibonacci_24x24,rpm_ccw,100.0,100.0,1800.0,CCW,11.881164811738575,-2.1057774652523022,118.81164811738573,0.029844136681135187,0.39810715721395407,187.61983442560492,0.8178222222222222,0.0
fibonacci_24x24,rpm_cw,100.0,100.0,2400.0,CW,14.346561646844762,3.632480087898761,143.46561646844762,0.036036933539525084,0.3981071595062989,226.55182075231824,0.8178222222222222,0.0
fibonacci_24x24,rpm_ccw,100.0,100.0,2400.0,CCW,12.297052840152654,-2.1794880527392566,122.97052840152655,0.030888800176735797,0.3981071576650991,194.18727493055846,0.8178222222222222,0.0
triskelion_hexagram,radial,55.0,100.0,1200.0,CW,36.53600973364004,8.21881391110004,664.2910860661827,0.16686237656624067,0.21895894249221073,576.9535399446039,0.7449333333333333,0.0
triskelion_hexagram,radial,75.0,100.0,1200.0,CW,19.648254123424202,4.419895481080467,261.9767216456561,0.06580557724730854,0.2985803733778119,310.2727925924315,0.7769333333333334,0.0
triskelion_hexagram,radial,100.0,100.0,1200.0,CW,11.052142944426112,2.4861912081077624,110.52142944426113,0.027761727901208285,0.398107156213354,174.52844583324264,0.8169333333333334,0.0
triskelion_hexagram,radial,125.0,100.0,1200.0,CW,7.073371484432713,1.5911623731889681,56.58697187546171,0.014214004685418644,0.4976339281817574,111.69820533327533,0.8569333333333334,0.0
triskelion_hexagram,radial,150.0,100.0,1200.0,CW,4.9120635308560505,1.1049738702701168,32.74709020570701,0.008225697155913567,0.5971606832332766,77.56819814810787,0.8969333333333334,0.0
triskelion_hexagram,radial,175.0,100.0,1200.0,CW,3.6088630022615895,0.8118175373413106,20.622074298637653,0.005180030862033035,0.6966874139737819,56.98888027207927,0.9369333333333333,0.0
triskelion_hexagram,radial,200.0,100.0,1200.0,CW,2.763035736106528,0.6215478020269406,13.815178680532641,0.0034702159876510356,0.7962141116647597,43.63211145831066,0.9769333333333334,0.0
triskelion_hexagram,radial,250.0,100.0,1200.0,CW,1.7683428711081783,0.39779059329724203,7.073371484432713,0.0017767505856773305,0.9952673662221909,27.92455133331883,1.0569333333333333,0.0
triskelion_hexagram,spectral,100.0,25.0,1200.0,CW,9.739378320875122,2.19088342193464,97.39378320875123,0.024464212255544772,0.3981071542804553,38.44952445583336,0.8117333333333334,0.0
triskelion_hexagram,spectral,100.0,50.0,1200.0,CW,9.980525579297694,2.24512975196893,99.80525579297694,0.025069946781972163,0.398107154673641,78.80307134609717,0.8134666666666667,0.0
triskelion_hexagram,spectral,100.0,80.0,1200.0,CW,10.473833910452955,2.3560999811789185,104.73833910452954,0.0263090812855517,0.39810715542156816,132.31692449137336,0.8155466666666668,0.0
triskelion_hexagram,spectral,100.0,100.0,1200.0,CW,11.052142944426112,2.4861912081077624,110.52142944426113,0.027761727901208285,0.398107156213354,174.52844583324264,0.8169333333333334,0.0
triskelion_hexagram,spectral,100.0,120.0,1200.0,CW,11.480196325925922,2.582482267591601,114.80196325925922,0.02883694938215945,0.39810715674804414,217.54559267275846,0.81832,0.0
triskelion_hexagram,spectral,100.0,150.0,1200.0,CW,10.921449248573037,2.4567915234295166,109.21449248573036,0.027433440179911103,0.3981071560417499,258.6969205679772,0.8204,0.0
triskelion_hexagram,spectral,100.0,200.0,1200.0,CW,10.306168194802027,2.3183834016659235,103.06168194802027,0.025887924049378785,0.3981071551753947,325.49696951611287,0.8238666666666667,0.0
triskelion_hexagram,spectral,100.0,300.0,1200.0,CW,9.95766268813393,2.239986720496292,99.5766268813393,0.02501251779587282,0.39810715463718066,471.73531915857563,0.8308000000000001,0.0
triskelion_hexagram,spectral,100.0,500.0,1200.0,CW,9.771199471919463,2.1980416234124998,97.71199471919462,0.024544143373088065,0.3981071543334505,771.5029864958268,0.8446666666666667,0.0
triskelion_hexagram,spectral,100.0,750.0,1200.0,CW,9.692876570541808,2.180422804168326,96.92876570541807,0.024347405139841072,0.39810715420238507,1147.9782871180241,0.8620000000000001,0.0
triskelion_hexagram,spectral,100.0,1000.0,1200.0,CW,9.655852277194557,2.1720941503435247,96.55852277194558,0.024254404319745886,0.39810715413968856,1524.7910741002895,0.8793333333333334,0.0
triskelion_hexagram,rpm_cw,100.0,100.0,0.0,CW,10.335545147530656,2.3249917781556384,103.35545147530655,0.02596171561833693,0.3981071552191041,163.2123870011621,0.8169333333333334,0.0
triskelion_hexagram,rpm_ccw,100.0,100.0,0.0,CCW,9.455924283911026,-1.488984096223079,94.55924283911024,0.02375220790613804,0.39810715379264905,149.32197108616958,0.8169333333333334,0.0
triskelion_hexagram,rpm_cw,100.0,100.0,120.0,CW,10.4072049272202,2.3411117211508508,104.07204927220202,0.026141716846624065,0.3981071553246905,164.34399288437012,0.8169333333333334,0.0
triskelion_hexagram,rpm_ccw,100.0,100.0,120.0,CCW,9.52148535894614,-1.4993077192902253,95.2148535894614,0.023916889880953928,0.39810715390805734,150.35727008570035,0.8169333333333334,0.0
triskelion_hexagram,rpm_cw,100.0,100.0,300.0,CW,10.51469459675452,2.3652916356436697,105.1469459675452,0.026411718689054765,0.3981071554803717,166.04140170918225,0.8169333333333334,0.0
triskelion_hexagram,rpm_ccw,100.0,100.0,300.0,CCW,9.619826971498817,-1.5147931538909456,96.19826971498816,0.024163912843177766,0.3981071540782205,151.91021858499656,0.8169333333333334,0.0
triskelion_hexagram,rpm_cw,100.0,100.0,600.0,CW,10.693844045978382,2.4055914931316997,106.93844045978383,0.026861721759772604,0.3981071557328853,168.8704164172024,0.8169333333333334,0.0
triskelion_hexagram,rpm_ccw,100.0,100.0,600.0,CCW,9.783729659086607,-1.5406022115588125,97.83729659086606,0.024575617780217492,0.39810715435422384,154.4984660838235,0.8169333333333334,0.0
triskelion_hexagram,rpm_cw,100.0,100.0,900.0,CW,10.87299349520225,2.4458913506197315,108.72993495202248,0.027311724830490446,0.39810715597707796,171.69943112522253,0.8169333333333334,0.0
triskelion_hexagram,rpm_ccw,100.0,100.0,900.0,CCW,9.947632346674398,-1.5664112692266792,99.47632346674399,0.02498732271725722,0.398107154621132,157.08671358265045,0.8169333333333334,0.0
triskelion_hexagram,rpm_cw,100.0,100.0,1200.0,CW,11.052142944426112,2.4861912081077624,110.52142944426113,0.027761727901208285,0.398107156213354,174.52844583324264,0.8169333333333334,0.0
triskelion_hexagram,rpm_ccw,100.0,100.0,1200.0,CCW,10.111535034262186,-1.5922203268945452,101.11535034262188,0.025399027654296944,0.39810715487938725,159.67496108147733,0.8169333333333334,0.0
triskelion_hexagram,rpm_cw,100.0,100.0,1500.0,CW,11.231292393649978,2.5264910655957937,112.31292393649977,0.028211730971926124,0.39810715644209255,177.3574605412628,0.8169333333333334,0.0
triskelion_hexagram,rpm_ccw,100.0,100.0,1500.0,CCW,10.27543772184998,-1.6180293845624125,102.75437721849981,0.025810732591336677,0.39810715512940376,162.26320858030434,0.8169333333333334,0.0
triskelion_hexagram,rpm_cw,100.0,100.0,1800.0,CW,11.410441842873842,2.5667909230838246,114.10441842873838,0.028661734042643956,0.3981071566636485,180.18647524928298,0.8169333333333334,0.0
triskelion_hexagram,rpm_ccw,100.0,100.0,1800.0,CCW,10.43934040943777,-1.643838442230279,104.3934040943777,0.026222437528376392,0.3981071553715695,164.8514560791312,0.8169333333333334,0.0
triskelion_hexagram,rpm_cw,100.0,100.0,2400.0,CW,11.768740741321572,2.647390638059887,117.68740741321572,0.02956174018407965,0.39810715708652433,185.84450466532326,0.8169333333333334,0.0
triskelion_hexagram,rpm_ccw,100.0,100.0,2400.0,CCW,10.767145784613353,-1.6954565575660123,107.67145784613352,0.027045847402455844,0.39810715583378276,170.0279510767851,0.8169333333333334,0.0
single_rotor_baseline,radial,55.0,100.0,1200.0,CW,19.31818181818182,0.0,351.23966942148763,0.0882274159827745,0.21895894132266727,305.0604996700348,0.738,0.0
single_rotor_baseline,radial,75.0,100.0,1200.0,CW,10.38888888888889,0.0,138.51851851851853,0.03479427871794751,0.29858036933381654,164.0547576003298,0.77,0.0
single_rotor_baseline,radial,100.0,100.0,1200.0,CW,5.843749999999999,0.0,58.43749999999999,0.014678836334134103,0.3981071434323322,92.28080115018548,0.81,0.0
single_rotor_baseline,radial,125.0,100.0,1200.0,CW,3.74,0.0,29.92,0.007515564203076663,0.49763389697809396,59.059712736118726,0.8500000000000001,0.0
single_rotor_baseline,radial,150.0,100.0,1200.0,CW,2.5972222222222223,0.0,17.314814814814817,0.004349284839743439,0.5971606185293699,41.01368940008245,0.89,0.0
single_rotor_baseline,radial,175.0,100.0,1200.0,CW,1.9081632653061231,0.0,10.903790087463559,0.0027389082372728368,0.6966872941018312,30.13250649801977,0.9299999999999999,0.0
single_rotor_baseline,radial,200.0,100.0,1200.0,CW,1.4609374999999998,0.0,7.304687499999999,0.0018348545417667629,0.7962139071685602,23.07020028754637,0.9700000000000001,0.0
single_rotor_baseline,radial,250.0,100.0,1200.0,CW,0.935,0.0,3.74,0.0009394455253845829,0.9952668669642879,14.764928184029682,1.05,0.0
single_rotor_baseline,spectral,100.0,25.0,1200.0,CW,5.843749999999999,0.0,58.43749999999999,0.014678836334134103,0.3981071434323322,23.07020028754637,0.81,0.0
single_rotor_baseline,spectral,100.0,50.0,1200.0,CW,5.843749999999999,0.0,58.43749999999999,0.014678836334134103,0.3981071434323322,46.14040057509274,0.81,0.0
single_rotor_baseline,spectral,100.0,80.0,1200.0,CW,5.843749999999999,0.0,58.43749999999999,0.014678836334134103,0.3981071434323322,73.82464092014838,0.81,0.0
single_rotor_baseline,spectral,100.0,100.0,1200.0,CW,5.843749999999999,0.0,58.43749999999999,0.014678836334134103,0.3981071434323322,92.28080115018548,0.81,0.0
single_rotor_baseline,spectral,100.0,120.0,1200.0,CW,5.843749999999999,0.0,58.43749999999999,0.014678836334134103,0.3981071434323322,110.73696138022258,0.81,0.0
single_rotor_baseline,spectral,100.0,150.0,1200.0,CW,5.843749999999999,0.0,58.43749999999999,0.014678836334134103,0.3981071434323322,138.42120172527825,0.81,0.0
single_rotor_baseline,spectral,100.0,200.0,1200.0,CW,5.843749999999999,0.0,58.43749999999999,0.014678836334134103,0.3981071434323322,184.56160230037096,0.81,0.0
single_rotor_baseline,spectral,100.0,300.0,1200.0,CW,5.843749999999999,0.0,58.43749999999999,0.014678836334134103,0.3981071434323322,276.8424034505565,0.81,0.0
single_rotor_baseline,spectral,100.0,500.0,1200.0,CW,5.843749999999999,0.0,58.43749999999999,0.014678836334134103,0.3981071434323322,461.40400575092735,0.81,0.0
single_rotor_baseline,spectral,100.0,750.0,1200.0,CW,5.843749999999999,0.0,58.43749999999999,0.014678836334134103,0.3981071434323322,692.1060086263911,0.81,0.0
single_rotor_baseline,spectral,100.0,1000.0,1200.0,CW,5.843749999999999,0.0,58.43749999999999,0.014678836334134103,0.3981071434323322,922.8080115018547,0.81,0.0
single_rotor_baseline,rpm_cw,100.0,100.0,0.0,CW,5.843749999999999,0.0,58.43749999999999,0.014678836334134103,0.3981071434323322,92.28080115018548,0.81,0.0
single_rotor_baseline,rpm_ccw,100.0,100.0,0.0,CCW,5.843749999999999,0.0,58.43749999999999,0.014678836334134103,0.3981071434323322,92.28080115018548,0.81,0.0
single_rotor_baseline,rpm_cw,100.0,100.0,120.0,CW,5.843749999999999,0.0,58.43749999999999,0.014678836334134103,0.3981071434323322,92.28080115018548,0.81,0.0
single_rotor_baseline,rpm_ccw,100.0,100.0,120.0,CCW,5.843749999999999,0.0,58.43749999999999,0.014678836334134103,0.3981071434323322,92.28080115018548,0.81,0.0
single_rotor_baseline,rpm_cw,100.0,100.0,300.0,CW,5.843749999999999,0.0,58.43749999999999,0.014678836334134103,0.3981071434323322,92.28080115018548,0.81,0.0
single_rotor_baseline,rpm_ccw,100.0,100.0,300.0,CCW,5.843749999999999,0.0,58.43749999999999,0.014678836334134103,0.3981071434323322,92.28080115018548,0.81,0.0
single_rotor_baseline,rpm_cw,100.0,100.0,600.0,CW,5.843749999999999,0.0,58.43749999999999,0.014678836334134103,0.3981071434323322,92.28080115018548,0.81,0.0
single_rotor_baseline,rpm_ccw,100.0,100.0,600.0,CCW,5.843749999999999,0.0,58.43749999999999,0.014678836334134103,0.3981071434323322,92.28080115018548,0.81,0.0
single_rotor_baseline,rpm_cw,100.0,100.0,900.0,CW,5.843749999999999,0.0,58.43749999999999,0.014678836334134103,0.3981071434323322,92.28080115018548,0.81,0.0
single_rotor_baseline,rpm_ccw,100.0,100.0,900.0,CCW,5.843749999999999,0.0,58.43749999999999,0.014678836334134103,0.3981071434323322,92.28080115018548,0.81,0.0
single_rotor_baseline,rpm_cw,100.0,100.0,1200.0,CW,5.843749999999999,0.0,58.43749999999999,0.014678836334134103,0.3981071434323322,92.28080115018548,0.81,0.0
single_rotor_baseline,rpm_ccw,100.0,100.0,1200.0,CCW,5.843749999999999,0.0,58.43749999999999,0.014678836334134103,0.3981071434323322,92.28080115018548,0.81,0.0
single_rotor_baseline,rpm_cw,100.0,100.0,1500.0,CW,5.843749999999999,0.0,58.43749999999999,0.014678836334134103,0.3981071434323322,92.28080115018548,0.81,0.0
single_rotor_baseline,rpm_ccw,100.0,100.0,1500.0,CCW,5.843749999999999,0.0,58.43749999999999,0.014678836334134103,0.3981071434323322,92.28080115018548,0.81,0.0
single_rotor_baseline,rpm_cw,100.0,100.0,1800.0,CW,5.843749999999999,0.0,58.43749999999999,0.014678836334134103,0.3981071434323322,92.28080115018548,0.81,0.0
single_rotor_baseline,rpm_ccw,100.0,100.0,1800.0,CCW,5.843749999999999,0.0,58.43749999999999,0.014678836334134103,0.3981071434323322,92.28080115018548,0.81,0.0
single_rotor_baseline,rpm_cw,100.0,100.0,2400.0,CW,5.843749999999999,0.0,58.43749999999999,0.014678836334134103,0.3981071434323322,92.28080115018548,0.81,0.0
single_rotor_baseline,rpm_ccw,100.0,100.0,2400.0,CCW,5.843749999999999,0.0,58.43749999999999,0.014678836334134103,0.3981071434323322,92.28080115018548,0.81,0.0
